Workbook

Sheet 目次
A1: 3. ジェンダー・ラベル
A2: =HYPERLINK('A1.年齢ごとジェンダー'!A1) -> 表A1：年齢層ごとのジェンダー・ラベル（%）
A3: =HYPERLINK('A2.ジェンダーごと年齢'!A1) -> 表A2：ジェンダー・ラベルごとの年齢（%）
A4: =HYPERLINK('A3.ジェンダーとラベル選択数'!A1) -> 表A3：ジェンダー・ラベルおよび年齢ごとの、選択されたジェンダー・ラベルの個数
A5: 4. 一人称代名詞
A6: =HYPERLINK('A4a.ジェンダーと一人称(選択式)'!A1) -> 表A4a：ジェンダー・ラベルごとの日本語一人称（選択式、%）
A7: =HYPERLINK('A4b.ジェンダーと一人称 (自由記入式)'!A1) -> 表A4b：ジェンダー・ラベルごとの日本語一人称（自由記入式, %）
A8: 5. 三人称代名詞
A9: =HYPERLINK('A5a.ジェンダーと三人称 (日,選択式)'!A1) -> 表A5a：ジェンダー・ラベルごとの日本語三人称（選択式, %）
A10: =HYPERLINK('A5b.ジェンダーと三人称 (日,記入式)'!A1) -> 表A5b：ジェンダー・ラベルごとの日本語三人称（記入式, %）
A11: =HYPERLINK('A6.ジェンダーと三人称 (英)'!A1) -> 表A6：ジェンダー・ラベルごとの英語三人称（英語を日常的に使う方, %）
A12: =HYPERLINK('A7.三人称（日）と三人称 (英)'!A1) -> 表A7：英語三人称ごとの、選択された日本語三人称（英語を日常的に使う方, %）
A13: 6. 敬称
A14: =HYPERLINK('A8.ジェンダーと敬称 (日)'!A1) -> 表A8：ジェンダー・ラベルごとの日本語敬称（%）
A15: =HYPERLINK('A9.ジェンダーと敬称 (英) '!A1) -> 表A9：ジェンダー・ラベルごとの英語敬称（英語を日常的に使う方, %）
A16: =HYPERLINK('A10.敬称（日）と敬称 (英)'!A1) -> 表A10：英語敬称ごとの選択された日本語敬称（英語を使う方, %）
A17: 7. 差別
A18: =HYPERLINK('A11.ジェンダーと差別(選択式)'!A1) -> 表A11：ジェンダー・ラベルごとの経験した、している、または不安である差別（ %）
A19: =HYPERLINK('A12.年齢層と差別(選択式)'!A1) -> 表A12：年齢層ごとの経験した、している、または不安である差別（ %）
A20: 8. トランジション
A21: =HYPERLINK('A13.ジェンダーとトランジション(希望+経験, 選択式)'!A1) -> 表A13：ジェンダー・ラベルごとの経験または希望しているトランジション（%）
A22: =HYPERLINK('A14.年齢層とトランジション(希望+経験, 選択式)'!A1) -> 表A14：年齢層ごとの経験または希望しているトランジション（%）
A23: =HYPERLINK('A15.ジェンダーとトランジション(経験,選択式) '!A1) -> 表A15：ジェンダー・ラベルごとの経験したトランジション（%）
A24: =HYPERLINK('A16.年齢層とトランジション(経験, 選択式)'!A1) -> 表A16：年齢層ごとの経験したトランジション（%）
A25: =HYPERLINK('A17.年齢層とトランジション(経験vs希望,選択式) '!A1) -> 表A17:年齢層ごとの「希望または経験しているトランジション」に対する「経験したトランジション」（%）
A28: =HYPERLINK('RAW (公開用)'!A1,"生データ") -> 生データ
A30: 計算用
A31: =HYPERLINK(集計用!A1, "集計用整形済みデータ") -> 集計用整形済みデータ
A32: =HYPERLINK(選んだジェンダー!A3, "選択されたジェンダー・ラベル") -> 選択されたジェンダー・ラベル

Sheet A1.年齢ごとジェンダー
A1: 表A1：年齢層ごとのジェンダー・ラベル（%）
A3: n= | B3: 年齢層 | C3: 全回答者 | D3: ノンバイナリー | E3: クィア／Queer | F3: Xジェンダー | G3: クエスチョニング | H3: 無性 | I3: （ジェンダー・）フルイド／（ジェンダー・）フリュイド／（ジェンダー・）フルイッド | J3: ジェンダークィア | K3: 不明／わからない | L3: Aジェンダー／エイジェンダー／アジェンダー／agender | M3: X | N3: 中性 | O3: トランスジェンダー | P3: 女性／woman | Q3: ノンバイナリー女性 | R3: 不定性 | S3: 無し | T3: トランス | U3: トランス*／trans* | V3: ジェンダー・ノンコンフォーミング／gender non-conforming | W3: ジェンダーレス | X3: 両性 | Y3: ニュートラル | Z3: ノンバイナリー男性 | AA3: 男性／man | AB3: enby／エンビー | AC3: レズビアン（ジェンダーについて） | AD3: シスジェンダー | AE3: デミガール | AF3: トランスマスキュリン | AG3: トランス男性 | AH3: デミジェンダー | AI3: バイジェンダー | AJ3: ゲイ（ジェンダーについて） | AK3: ジェンダーフラックス／フラックスジェンダー | AL3: トランスセクシュアル／transsexual | AM3: トランス女性 | AN3: デミAジェンダー | AO3: デミボーイ | AP3: トランスフェミニン | AQ3: 青年 | AR3: ポリジェンダー | AS3: フェム | AT3: ジェンダーヴォイド／gendervoid | AU3: ニューロジェンダー／neurogender | AV3: 女の子／girl | AW3: ゼノジェンダー／xenogender | AX3: バイナリー | AY3: 少年 | AZ3: ボイ | BA3: 男の子／boy | BB3: アンドロジャイン／androgyne | BC3: 少女 | BD3: ダイク／dyke | BE3: ブッチ／butch | BF3: おかま | BG3: ニューハーフ | BH3: おなべ
A4: =(COUNTA(集計用!$G:$G)-1) -> 443 | B4: 全回答者 | C4: =テーブル6[[#This Row],[n=]]/$A$4*100 -> 100 | D4: =(COUNTIF(集計用!$G:$G,"*, "&D3&",*"))/$A4*100 -> 57.78781 | E4: =(COUNTIF(集計用!$G:$G,"*, "&E3&",*"))/$A4*100 -> 32.505643 | F4: =(COUNTIF(集計用!$G:$G,"*, "&F3&",*"))/$A4*100 -> 27.31377 | G4: =(COUNTIF(集計用!$G:$G,"*, "&G3&",*"))/$A4*100 -> 19.413093 | H4: =(COUNTIF(集計用!$G:$G,"*, "&H3&",*"))/$A4*100 -> 19.413093 | I4: =(COUNTIF(集計用!$G:$G,"*, "&I3&",*"))/$A4*100 -> 16.930023 | J4: =(COUNTIF(集計用!$G:$G,"*, "&J3&",*"))/$A4*100 -> 16.704289 | K4: =(COUNTIF(集計用!$G:$G,"*, "&K3&",*"))/$A4*100 -> 16.027088 | ... BH4: =(COUNTIF(集計用!$G:$G,"*, "&BH3&",*"))/$A4*100 -> 0.22573363
A5: =(COUNTIFS(集計用!$AE:$AE,"11-15"))+(COUNTIFS(集計用!$AE:$AE,"16-20")) -> 49 | B5: -20 | C5: =テーブル6[[#This Row],[n=]]/$A$4*100 -> 11.060948 | D5: =(COUNTIFS(集計用!$G:$G,"*, "&D$3&",*", 集計用!$AE:$AE, "11-15")+COUNTIFS(集計用!$G:$G,"*, "&D$3&",*", 集計用!$AE:$AE, "16-20"))/$A5*100 -> 59.183673 | E5: =(COUNTIFS(集計用!$G:$G,"*, "&E$3&",*", 集計用!$AE:$AE, "11-15")+COUNTIFS(集計用!$G:$G,"*, "&E$3&",*", 集計用!$AE:$AE, "16-20"))/$A5*100 -> 28.571429 | F5: =(COUNTIFS(集計用!$G:$G,"*, "&F$3&",*", 集計用!$AE:$AE, "11-15")+COUNTIFS(集計用!$G:$G,"*, "&F$3&",*", 集計用!$AE:$AE, "16-20"))/$A5*100 -> 22.44898 | G5: =(COUNTIFS(集計用!$G:$G,"*, "&G$3&",*", 集計用!$AE:$AE, "11-15")+COUNTIFS(集計用!$G:$G,"*, "&G$3&",*", 集計用!$AE:$AE, "16-20"))/$A5*100 -> 20.408163 | H5: =(COUNTIFS(集計用!$G:$G,"*, "&H$3&",*", 集計用!$AE:$AE, "11-15")+COUNTIFS(集計用!$G:$G,"*, "&H$3&",*", 集計用!$AE:$AE, "16-20"))/$A5*100 -> 16.326531 | I5: =(COUNTIFS(集計用!$G:$G,"*, "&I$3&",*", 集計用!$AE:$AE, "11-15")+COUNTIFS(集計用!$G:$G,"*, "&I$3&",*", 集計用!$AE:$AE, "16-20"))/$A5*100 -> 12.244898 | J5: =(COUNTIFS(集計用!$G:$G,"*, "&J$3&",*", 集計用!$AE:$AE, "11-15")+COUNTIFS(集計用!$G:$G,"*, "&J$3&",*", 集計用!$AE:$AE, "16-20"))/$A5*100 -> 10.204082 | K5: =(COUNTIFS(集計用!$G:$G,"*, "&K$3&",*", 集計用!$AE:$AE, "11-15")+COUNTIFS(集計用!$G:$G,"*, "&K$3&",*", 集計用!$AE:$AE, "16-20"))/$A5*100 -> 16.326531 | ... BH5: =(COUNTIFS(集計用!$G:$G,"*, "&BH$3&",*", 集計用!$AE:$AE, "11-15")+COUNTIFS(集計用!$G:$G,"*, "&BH$3&",*", 集計用!$AE:$AE, "16-20"))/$A5*100 -> 0
A6: =(COUNTIFS(集計用!$AE:$AE,$B6)) -> 116 | B6: 21-25 | C6: =テーブル6[[#This Row],[n=]]/$A$4*100 -> 26.185102 | D6: =(COUNTIFS(集計用!$G:$G,"*, "&D$3&",*", 集計用!$AE:$AE, $B6))/$A6*100 -> 62.931034 | E6: =(COUNTIFS(集計用!$G:$G,"*, "&E$3&",*", 集計用!$AE:$AE, $B6))/$A6*100 -> 44.827586 | F6: =(COUNTIFS(集計用!$G:$G,"*, "&F$3&",*", 集計用!$AE:$AE, $B6))/$A6*100 -> 28.448276 | G6: =(COUNTIFS(集計用!$G:$G,"*, "&G$3&",*", 集計用!$AE:$AE, $B6))/$A6*100 -> 25 | H6: =(COUNTIFS(集計用!$G:$G,"*, "&H$3&",*", 集計用!$AE:$AE, $B6))/$A6*100 -> 18.103448 | I6: =(COUNTIFS(集計用!$G:$G,"*, "&I$3&",*", 集計用!$AE:$AE, $B6))/$A6*100 -> 23.275862 | J6: =(COUNTIFS(集計用!$G:$G,"*, "&J$3&",*", 集計用!$AE:$AE, $B6))/$A6*100 -> 23.275862 | K6: =(COUNTIFS(集計用!$G:$G,"*, "&K$3&",*", 集計用!$AE:$AE, $B6))/$A6*100 -> 18.965517 | ... BH6: =(COUNTIFS(集計用!$G:$G,"*, "&BH$3&",*", 集計用!$AE:$AE, $B6))/$A6*100 -> 0
A7: =(COUNTIFS(集計用!$AE:$AE,$B7)) -> 88 | B7: 26-30 | C7: =テーブル6[[#This Row],[n=]]/$A$4*100 -> 19.86456 | D7: =(COUNTIFS(集計用!$G:$G,"*, "&D$3&",*", 集計用!$AE:$AE, $B7))/$A7*100 -> 63.636364 | E7: =(COUNTIFS(集計用!$G:$G,"*, "&E$3&",*", 集計用!$AE:$AE, $B7))/$A7*100 -> 34.090909 | F7: =(COUNTIFS(集計用!$G:$G,"*, "&F$3&",*", 集計用!$AE:$AE, $B7))/$A7*100 -> 25 | G7: =(COUNTIFS(集計用!$G:$G,"*, "&G$3&",*", 集計用!$AE:$AE, $B7))/$A7*100 -> 19.318182 | H7: =(COUNTIFS(集計用!$G:$G,"*, "&H$3&",*", 集計用!$AE:$AE, $B7))/$A7*100 -> 22.727273 | I7: =(COUNTIFS(集計用!$G:$G,"*, "&I$3&",*", 集計用!$AE:$AE, $B7))/$A7*100 -> 19.318182 | J7: =(COUNTIFS(集計用!$G:$G,"*, "&J$3&",*", 集計用!$AE:$AE, $B7))/$A7*100 -> 13.636364 | K7: =(COUNTIFS(集計用!$G:$G,"*, "&K$3&",*", 集計用!$AE:$AE, $B7))/$A7*100 -> 19.318182 | ... BH7: =(COUNTIFS(集計用!$G:$G,"*, "&BH$3&",*", 集計用!$AE:$AE, $B7))/$A7*100 -> 1.1363636
A8: =(COUNTIFS(集計用!$AE:$AE,$B8)) -> 77 | B8: 31-35 | C8: =テーブル6[[#This Row],[n=]]/$A$4*100 -> 17.38149 | D8: =(COUNTIFS(集計用!$G:$G,"*, "&D$3&",*", 集計用!$AE:$AE, $B8))/$A8*100 -> 55.844156 | E8: =(COUNTIFS(集計用!$G:$G,"*, "&E$3&",*", 集計用!$AE:$AE, $B8))/$A8*100 -> 27.272727 | F8: =(COUNTIFS(集計用!$G:$G,"*, "&F$3&",*", 集計用!$AE:$AE, $B8))/$A8*100 -> 28.571429 | G8: =(COUNTIFS(集計用!$G:$G,"*, "&G$3&",*", 集計用!$AE:$AE, $B8))/$A8*100 -> 19.480519 | H8: =(COUNTIFS(集計用!$G:$G,"*, "&H$3&",*", 集計用!$AE:$AE, $B8))/$A8*100 -> 19.480519 | I8: =(COUNTIFS(集計用!$G:$G,"*, "&I$3&",*", 集計用!$AE:$AE, $B8))/$A8*100 -> 20.779221 | J8: =(COUNTIFS(集計用!$G:$G,"*, "&J$3&",*", 集計用!$AE:$AE, $B8))/$A8*100 -> 14.285714 | K8: =(COUNTIFS(集計用!$G:$G,"*, "&K$3&",*", 集計用!$AE:$AE, $B8))/$A8*100 -> 18.181818 | ... BH8: =(COUNTIFS(集計用!$G:$G,"*, "&BH$3&",*", 集計用!$AE:$AE, $B8))/$A8*100 -> 0
A9: =(COUNTIFS(集計用!$AE:$AE,$B9)) -> 34 | B9: 36-40 | C9: =テーブル6[[#This Row],[n=]]/$A$4*100 -> 7.6749436 | D9: =(COUNTIFS(集計用!$G:$G,"*, "&D$3&",*", 集計用!$AE:$AE, $B9))/$A9*100 -> 55.882353 | E9: =(COUNTIFS(集計用!$G:$G,"*, "&E$3&",*", 集計用!$AE:$AE, $B9))/$A9*100 -> 17.647059 | F9: =(COUNTIFS(集計用!$G:$G,"*, "&F$3&",*", 集計用!$AE:$AE, $B9))/$A9*100 -> 26.470588 | G9: =(COUNTIFS(集計用!$G:$G,"*, "&G$3&",*", 集計用!$AE:$AE, $B9))/$A9*100 -> 8.8235294 | H9: =(COUNTIFS(集計用!$G:$G,"*, "&H$3&",*", 集計用!$AE:$AE, $B9))/$A9*100 -> 29.411765 | I9: =(COUNTIFS(集計用!$G:$G,"*, "&I$3&",*", 集計用!$AE:$AE, $B9))/$A9*100 -> 5.8823529 | J9: =(COUNTIFS(集計用!$G:$G,"*, "&J$3&",*", 集計用!$AE:$AE, $B9))/$A9*100 -> 14.705882 | K9: =(COUNTIFS(集計用!$G:$G,"*, "&K$3&",*", 集計用!$AE:$AE, $B9))/$A9*100 -> 5.8823529 | ... BH9: =(COUNTIFS(集計用!$G:$G,"*, "&BH$3&",*", 集計用!$AE:$AE, $B9))/$A9*100 -> 0
A10: =(COUNTIFS(集計用!$AE:$AE,$B10)) -> 31 | B10: 41-45 | C10: =テーブル6[[#This Row],[n=]]/$A$4*100 -> 6.9977427 | D10: =(COUNTIFS(集計用!$G:$G,"*, "&D$3&",*", 集計用!$AE:$AE, $B10))/$A10*100 -> 51.612903 | E10: =(COUNTIFS(集計用!$G:$G,"*, "&E$3&",*", 集計用!$AE:$AE, $B10))/$A10*100 -> 25.806452 | F10: =(COUNTIFS(集計用!$G:$G,"*, "&F$3&",*", 集計用!$AE:$AE, $B10))/$A10*100 -> 38.709677 | G10: =(COUNTIFS(集計用!$G:$G,"*, "&G$3&",*", 集計用!$AE:$AE, $B10))/$A10*100 -> 12.903226 | H10: =(COUNTIFS(集計用!$G:$G,"*, "&H$3&",*", 集計用!$AE:$AE, $B10))/$A10*100 -> 9.6774194 | I10: =(COUNTIFS(集計用!$G:$G,"*, "&I$3&",*", 集計用!$AE:$AE, $B10))/$A10*100 -> 9.6774194 | J10: =(COUNTIFS(集計用!$G:$G,"*, "&J$3&",*", 集計用!$AE:$AE, $B10))/$A10*100 -> 19.354839 | K10: =(COUNTIFS(集計用!$G:$G,"*, "&K$3&",*", 集計用!$AE:$AE, $B10))/$A10*100 -> 6.4516129 | ... BH10: =(COUNTIFS(集計用!$G:$G,"*, "&BH$3&",*", 集計用!$AE:$AE, $B10))/$A10*100 -> 0
A11: =(COUNTIFS(集計用!$AE:$AE,$B11)) -> 24 | B11: 46-50 | C11: =テーブル6[[#This Row],[n=]]/$A$4*100 -> 5.4176072 | D11: =(COUNTIFS(集計用!$G:$G,"*, "&D$3&",*", 集計用!$AE:$AE, $B11))/$A11*100 -> 29.166667 | E11: =(COUNTIFS(集計用!$G:$G,"*, "&E$3&",*", 集計用!$AE:$AE, $B11))/$A11*100 -> 25 | F11: =(COUNTIFS(集計用!$G:$G,"*, "&F$3&",*", 集計用!$AE:$AE, $B11))/$A11*100 -> 20.833333 | G11: =(COUNTIFS(集計用!$G:$G,"*, "&G$3&",*", 集計用!$AE:$AE, $B11))/$A11*100 -> 0 | H11: =(COUNTIFS(集計用!$G:$G,"*, "&H$3&",*", 集計用!$AE:$AE, $B11))/$A11*100 -> 20.833333 | I11: =(COUNTIFS(集計用!$G:$G,"*, "&I$3&",*", 集計用!$AE:$AE, $B11))/$A11*100 -> 8.3333333 | J11: =(COUNTIFS(集計用!$G:$G,"*, "&J$3&",*", 集計用!$AE:$AE, $B11))/$A11*100 -> 12.5 | K11: =(COUNTIFS(集計用!$G:$G,"*, "&K$3&",*", 集計用!$AE:$AE, $B11))/$A11*100 -> 12.5 | ... BH11: =(COUNTIFS(集計用!$G:$G,"*, "&BH$3&",*", 集計用!$AE:$AE, $B11))/$A11*100 -> 0
A12: =(COUNTIFS(集計用!$AE:$AE,$B12)) -> 11 | B12: 51-55 | C12: =テーブル6[[#This Row],[n=]]/$A$4*100 -> 2.48307 | D12: =(COUNTIFS(集計用!$G:$G,"*, "&D$3&",*", 集計用!$AE:$AE, $B12))/$A12*100 -> 54.545455 | E12: =(COUNTIFS(集計用!$G:$G,"*, "&E$3&",*", 集計用!$AE:$AE, $B12))/$A12*100 -> 9.0909091 | F12: =(COUNTIFS(集計用!$G:$G,"*, "&F$3&",*", 集計用!$AE:$AE, $B12))/$A12*100 -> 27.272727 | G12: =(COUNTIFS(集計用!$G:$G,"*, "&G$3&",*", 集計用!$AE:$AE, $B12))/$A12*100 -> 36.363636 | H12: =(COUNTIFS(集計用!$G:$G,"*, "&H$3&",*", 集計用!$AE:$AE, $B12))/$A12*100 -> 18.181818 | I12: =(COUNTIFS(集計用!$G:$G,"*, "&I$3&",*", 集計用!$AE:$AE, $B12))/$A12*100 -> 0 | J12: =(COUNTIFS(集計用!$G:$G,"*, "&J$3&",*", 集計用!$AE:$AE, $B12))/$A12*100 -> 0 | K12: =(COUNTIFS(集計用!$G:$G,"*, "&K$3&",*", 集計用!$AE:$AE, $B12))/$A12*100 -> 18.181818 | ... BH12: =(COUNTIFS(集計用!$G:$G,"*, "&BH$3&",*", 集計用!$AE:$AE, $B12))/$A12*100 -> 0
A13: =(COUNTIFS(集計用!$AE:$AE,"61-65"))+(COUNTIFS(集計用!$AE:$AE,"56-60")) -> 12 | B13: 56+ | C13: =テーブル6[[#This Row],[n=]]/$A$4*100 -> 2.7088036 | D13: =(COUNTIFS(集計用!$G:$G,"*, "&D$3&",*", 集計用!$AE:$AE, "61-65")+COUNTIFS(集計用!$G:$G,"*, "&D$3&",*", 集計用!$AE:$AE, "56-60"))/$A13*100 -> 58.333333 | E13: =(COUNTIFS(集計用!$G:$G,"*, "&E$3&",*", 集計用!$AE:$AE, "61-65")+COUNTIFS(集計用!$G:$G,"*, "&E$3&",*", 集計用!$AE:$AE, "56-60"))/$A13*100 -> 50 | F13: =(COUNTIFS(集計用!$G:$G,"*, "&F$3&",*", 集計用!$AE:$AE, "61-65")+COUNTIFS(集計用!$G:$G,"*, "&F$3&",*", 集計用!$AE:$AE, "56-60"))/$A13*100 -> 33.333333 | G13: =(COUNTIFS(集計用!$G:$G,"*, "&G$3&",*", 集計用!$AE:$AE, "61-65")+COUNTIFS(集計用!$G:$G,"*, "&G$3&",*", 集計用!$AE:$AE, "56-60"))/$A13*100 -> 33.333333 | H13: =(COUNTIFS(集計用!$G:$G,"*, "&H$3&",*", 集計用!$AE:$AE, "61-65")+COUNTIFS(集計用!$G:$G,"*, "&H$3&",*", 集計用!$AE:$AE, "56-60"))/$A13*100 -> 16.666667 | I13: =(COUNTIFS(集計用!$G:$G,"*, "&I$3&",*", 集計用!$AE:$AE, "61-65")+COUNTIFS(集計用!$G:$G,"*, "&I$3&",*", 集計用!$AE:$AE, "56-60"))/$A13*100 -> 16.666667 | J13: =(COUNTIFS(集計用!$G:$G,"*, "&J$3&",*", 集計用!$AE:$AE, "61-65")+COUNTIFS(集計用!$G:$G,"*, "&J$3&",*", 集計用!$AE:$AE, "56-60"))/$A13*100 -> 41.666667 | K13: =(COUNTIFS(集計用!$G:$G,"*, "&K$3&",*", 集計用!$AE:$AE, "61-65")+COUNTIFS(集計用!$G:$G,"*, "&K$3&",*", 集計用!$AE:$AE, "56-60"))/$A13*100 -> 8.3333333 | ... BH13: =(COUNTIFS(集計用!$G:$G,"*, "&BH$3&",*", 集計用!$AE:$AE, "61-65")+COUNTIFS(集計用!$G:$G,"*, "&BH$3&",*", 集計用!$AE:$AE, "56-60"))/$A13*100 -> 0
A14: =(COUNTIFS(集計用!$AE:$AE,$B14)) -> 1 | B14: 無回答 | C14: =テーブル6[[#This Row],[n=]]/$A$4*100 -> 0.22573363 | D14: =(COUNTIFS(集計用!$G:$G,"*, "&D$3&",*", 集計用!$AE:$AE, $B14))/$A14*100 -> 0 | E14: =(COUNTIFS(集計用!$G:$G,"*, "&E$3&",*", 集計用!$AE:$AE, $B14))/$A14*100 -> 0 | F14: =(COUNTIFS(集計用!$G:$G,"*, "&F$3&",*", 集計用!$AE:$AE, $B14))/$A14*100 -> 0 | G14: =(COUNTIFS(集計用!$G:$G,"*, "&G$3&",*", 集計用!$AE:$AE, $B14))/$A14*100 -> 0 | H14: =(COUNTIFS(集計用!$G:$G,"*, "&H$3&",*", 集計用!$AE:$AE, $B14))/$A14*100 -> 0 | I14: =(COUNTIFS(集計用!$G:$G,"*, "&I$3&",*", 集計用!$AE:$AE, $B14))/$A14*100 -> 0 | J14: =(COUNTIFS(集計用!$G:$G,"*, "&J$3&",*", 集計用!$AE:$AE, $B14))/$A14*100 -> 0 | K14: =(COUNTIFS(集計用!$G:$G,"*, "&K$3&",*", 集計用!$AE:$AE, $B14))/$A14*100 -> 0 | ... BH14: =(COUNTIFS(集計用!$G:$G,"*, "&BH$3&",*", 集計用!$AE:$AE, $B14))/$A14*100 -> 0

Sheet A2.ジェンダーごと年齢
A1: 表A2：ジェンダー・ラベルごとの年齢（%）
A3: cluster | B3: n= | C3: ジェンダー・ラベル | D3: 全年齢層 | E3: -20 | F3: 21-25 | G3: 26-30 | H3: 31-35 | I3: 36-40 | J3: 41-45 | K3: 46-50 | L3: 51-55 | M3: 56+ | N3: 無回答
A4: 0 | B4: =(COUNTA(集計用!$G:$G)-1) -> 443 | C4: 全回答者 | D4: =テーブル2[[#This Row],[n=]]/443*100 -> 100 | E4: =(COUNTIFS(集計用!$AE:$AE,"11-15")+COUNTIFS(集計用!$AE:$AE,"16-20"))/テーブル2[[#This Row],[n=]]*100 -> 11.060948 | F4: =(COUNTIF(集計用!$AE:$AE,テーブル2[[#Headers],[21-25]]))/テーブル2[[#This Row],[n=]]*100 -> 26.185102 | G4: =(COUNTIF(集計用!$AE:$AE,テーブル2[[#Headers],[26-30]]))/テーブル2[[#This Row],[n=]]*100 -> 19.86456 | H4: =(COUNTIF(集計用!$AE:$AE,テーブル2[[#Headers],[31-35]]))/テーブル2[[#This Row],[n=]]*100 -> 17.38149 | I4: =(COUNTIF(集計用!$AE:$AE,テーブル2[[#Headers],[36-40]]))/テーブル2[[#This Row],[n=]]*100 -> 7.6749436 | J4: =(COUNTIF(集計用!$AE:$AE,テーブル2[[#Headers],[41-45]]))/テーブル2[[#This Row],[n=]]*100 -> 6.9977427 | K4: =(COUNTIF(集計用!$AE:$AE,テーブル2[[#Headers],[46-50]]))/テーブル2[[#This Row],[n=]]*100 -> 5.4176072 | L4: =(COUNTIF(集計用!$AE:$AE,テーブル2[[#Headers],[51-55]]))/テーブル2[[#This Row],[n=]]*100 -> 2.48307 | M4: =((COUNTIF(集計用!$AE:$AE,"56-60"))+(COUNTIF(集計用!$AE:$AE,"61-65")))/テーブル2[[#This Row],[n=]]*100 -> 2.7088036 | N4: =(COUNTIF(集計用!$AE:$AE,"無回答"))/テーブル2[[#This Row],[n=]]*100 -> 0.22573363
A5: 1 | B5: =(COUNTIFS(集計用!$G:$G,"*, "&$C5&",*")) -> 256 | C5: ノンバイナリー | D5: =テーブル2[[#This Row],[n=]]/443*100 -> 57.78781 | E5: =(COUNTIFS(集計用!$G:$G, "*, "&$C5&", *",集計用!$AE:$AE,"11-15")+COUNTIFS(集計用!$G:$G, "*, "&$C5&", *",集計用!$AE:$AE,"16-20"))/テーブル2[[#This Row],[n=]]*100 -> 11.328125 | F5: =(COUNTIFS(集計用!$G:$G, "*, "&$C5&", *",集計用!$AE:$AE,"21-25"))/テーブル2[[#This Row],[n=]]*100 -> 28.515625 | G5: =COUNTIFS(集計用!$G:$G, "*, "&$C5&", *",集計用!$AE:$AE,"26-30")/テーブル2[[#This Row],[n=]]*100 -> 21.875 | H5: =(COUNTIFS(集計用!$G:$G, "*, "&$C5&", *",集計用!$AE:$AE,"31-35"))/テーブル2[[#This Row],[n=]]*100 -> 16.796875 | I5: =(COUNTIFS(集計用!$G:$G, "*, "&$C5&", *",集計用!$AE:$AE,"36-40"))/テーブル2[[#This Row],[n=]]*100 -> 7.421875 | J5: =(COUNTIFS(集計用!$G:$G, "*, "&$C5&", *",集計用!$AE:$AE,"41-45"))/テーブル2[[#This Row],[n=]]*100 -> 6.25 | K5: =(COUNTIFS(集計用!$G:$G, "*, "&$C5&", *",集計用!$AE:$AE,"46-50"))/テーブル2[[#This Row],[n=]]*100 -> 2.734375 | L5: =(COUNTIFS(集計用!$G:$G, "*, "&$C5&", *",集計用!$AE:$AE,"51-55")+COUNTIFS(集計用!$G:$G, "*, "&$C5&", *",集計用!$AE:$AE,"56-60")+COUNTIFS(集計用!$G:$G, "*, "&$C5&", *",集計用!$AE:$AE,"61-65"))/テーブル2[[#This Row],[n=]]*100 -> 5.078125 | M5: =(COUNTIFS(集計用!$G:$G, "*, "&$C5&", *",集計用!$AE:$AE,"56-60")+COUNTIFS(集計用!$G:$G, "*, "&$C5&", *",集計用!$AE:$AE,"61-65"))/テーブル2[[#This Row],[n=]]*100 -> 2.734375 | N5: =COUNTIFS(集計用!$G:$G,"*, "&$C5&", *",集計用!$AE:$AE,"無回答")/テーブル2[[#This Row],[n=]]*100 -> 0
A6: 1 | B6: =(COUNTIFS(集計用!$G:$G,"*, "&$C6&",*")) -> 144 | C6: クィア／Queer | D6: =テーブル2[[#This Row],[n=]]/443*100 -> 32.505643 | E6: =(COUNTIFS(集計用!$G:$G, "*, "&$C6&", *",集計用!$AE:$AE,"11-15")+COUNTIFS(集計用!$G:$G, "*, "&$C6&", *",集計用!$AE:$AE,"16-20"))/テーブル2[[#This Row],[n=]]*100 -> 9.7222222 | F6: =(COUNTIFS(集計用!$G:$G, "*, "&$C6&", *",集計用!$AE:$AE,"21-25"))/テーブル2[[#This Row],[n=]]*100 -> 36.111111 | G6: =COUNTIFS(集計用!$G:$G, "*, "&$C6&", *",集計用!$AE:$AE,"26-30")/テーブル2[[#This Row],[n=]]*100 -> 20.833333 | H6: =(COUNTIFS(集計用!$G:$G, "*, "&$C6&", *",集計用!$AE:$AE,"31-35"))/テーブル2[[#This Row],[n=]]*100 -> 14.583333 | I6: =(COUNTIFS(集計用!$G:$G, "*, "&$C6&", *",集計用!$AE:$AE,"36-40"))/テーブル2[[#This Row],[n=]]*100 -> 4.1666667 | J6: =(COUNTIFS(集計用!$G:$G, "*, "&$C6&", *",集計用!$AE:$AE,"41-45"))/テーブル2[[#This Row],[n=]]*100 -> 5.5555556 | K6: =(COUNTIFS(集計用!$G:$G, "*, "&$C6&", *",集計用!$AE:$AE,"46-50"))/テーブル2[[#This Row],[n=]]*100 -> 4.1666667 | L6: =(COUNTIFS(集計用!$G:$G, "*, "&$C6&", *",集計用!$AE:$AE,"51-55")+COUNTIFS(集計用!$G:$G, "*, "&$C6&", *",集計用!$AE:$AE,"56-60")+COUNTIFS(集計用!$G:$G, "*, "&$C6&", *",集計用!$AE:$AE,"61-65"))/テーブル2[[#This Row],[n=]]*100 -> 4.8611111 | M6: =(COUNTIFS(集計用!$G:$G, "*, "&$C6&", *",集計用!$AE:$AE,"56-60")+COUNTIFS(集計用!$G:$G, "*, "&$C6&", *",集計用!$AE:$AE,"61-65"))/テーブル2[[#This Row],[n=]]*100 -> 4.1666667 | N6: =COUNTIFS(集計用!$G:$G,"*, "&$C6&", *",集計用!$AE:$AE,"無回答")/テーブル2[[#This Row],[n=]]*100 -> 0
A7: 2 | B7: =(COUNTIFS(集計用!$G:$G,"*, "&$C7&",*")) -> 121 | C7: Xジェンダー | D7: =テーブル2[[#This Row],[n=]]/443*100 -> 27.31377 | E7: =(COUNTIFS(集計用!$G:$G, "*, "&$C7&", *",集計用!$AE:$AE,"11-15")+COUNTIFS(集計用!$G:$G, "*, "&$C7&", *",集計用!$AE:$AE,"16-20"))/テーブル2[[#This Row],[n=]]*100 -> 9.0909091 | F7: =(COUNTIFS(集計用!$G:$G, "*, "&$C7&", *",集計用!$AE:$AE,"21-25"))/テーブル2[[#This Row],[n=]]*100 -> 27.272727 | G7: =COUNTIFS(集計用!$G:$G, "*, "&$C7&", *",集計用!$AE:$AE,"26-30")/テーブル2[[#This Row],[n=]]*100 -> 18.181818 | H7: =(COUNTIFS(集計用!$G:$G, "*, "&$C7&", *",集計用!$AE:$AE,"31-35"))/テーブル2[[#This Row],[n=]]*100 -> 18.181818 | I7: =(COUNTIFS(集計用!$G:$G, "*, "&$C7&", *",集計用!$AE:$AE,"36-40"))/テーブル2[[#This Row],[n=]]*100 -> 7.4380165 | J7: =(COUNTIFS(集計用!$G:$G, "*, "&$C7&", *",集計用!$AE:$AE,"41-45"))/テーブル2[[#This Row],[n=]]*100 -> 9.9173554 | K7: =(COUNTIFS(集計用!$G:$G, "*, "&$C7&", *",集計用!$AE:$AE,"46-50"))/テーブル2[[#This Row],[n=]]*100 -> 4.1322314 | L7: =(COUNTIFS(集計用!$G:$G, "*, "&$C7&", *",集計用!$AE:$AE,"51-55")+COUNTIFS(集計用!$G:$G, "*, "&$C7&", *",集計用!$AE:$AE,"56-60")+COUNTIFS(集計用!$G:$G, "*, "&$C7&", *",集計用!$AE:$AE,"61-65"))/テーブル2[[#This Row],[n=]]*100 -> 5.785124 | M7: =(COUNTIFS(集計用!$G:$G, "*, "&$C7&", *",集計用!$AE:$AE,"56-60")+COUNTIFS(集計用!$G:$G, "*, "&$C7&", *",集計用!$AE:$AE,"61-65"))/テーブル2[[#This Row],[n=]]*100 -> 3.3057851 | N7: =COUNTIFS(集計用!$G:$G,"*, "&$C7&", *",集計用!$AE:$AE,"無回答")/テーブル2[[#This Row],[n=]]*100 -> 0
A8: 1 | B8: =(COUNTIFS(集計用!$G:$G,"*, "&$C8&",*")) -> 86 | C8: クエスチョニング | D8: =テーブル2[[#This Row],[n=]]/443*100 -> 19.413093 | E8: =(COUNTIFS(集計用!$G:$G, "*, "&$C8&", *",集計用!$AE:$AE,"11-15")+COUNTIFS(集計用!$G:$G, "*, "&$C8&", *",集計用!$AE:$AE,"16-20"))/テーブル2[[#This Row],[n=]]*100 -> 11.627907 | F8: =(COUNTIFS(集計用!$G:$G, "*, "&$C8&", *",集計用!$AE:$AE,"21-25"))/テーブル2[[#This Row],[n=]]*100 -> 33.72093 | G8: =COUNTIFS(集計用!$G:$G, "*, "&$C8&", *",集計用!$AE:$AE,"26-30")/テーブル2[[#This Row],[n=]]*100 -> 19.767442 | H8: =(COUNTIFS(集計用!$G:$G, "*, "&$C8&", *",集計用!$AE:$AE,"31-35"))/テーブル2[[#This Row],[n=]]*100 -> 17.44186 | I8: =(COUNTIFS(集計用!$G:$G, "*, "&$C8&", *",集計用!$AE:$AE,"36-40"))/テーブル2[[#This Row],[n=]]*100 -> 3.4883721 | J8: =(COUNTIFS(集計用!$G:$G, "*, "&$C8&", *",集計用!$AE:$AE,"41-45"))/テーブル2[[#This Row],[n=]]*100 -> 4.6511628 | K8: =(COUNTIFS(集計用!$G:$G, "*, "&$C8&", *",集計用!$AE:$AE,"46-50"))/テーブル2[[#This Row],[n=]]*100 -> 0 | L8: =(COUNTIFS(集計用!$G:$G, "*, "&$C8&", *",集計用!$AE:$AE,"51-55")+COUNTIFS(集計用!$G:$G, "*, "&$C8&", *",集計用!$AE:$AE,"56-60")+COUNTIFS(集計用!$G:$G, "*, "&$C8&", *",集計用!$AE:$AE,"61-65"))/テーブル2[[#This Row],[n=]]*100 -> 9.3023256 | M8: =(COUNTIFS(集計用!$G:$G, "*, "&$C8&", *",集計用!$AE:$AE,"56-60")+COUNTIFS(集計用!$G:$G, "*, "&$C8&", *",集計用!$AE:$AE,"61-65"))/テーブル2[[#This Row],[n=]]*100 -> 4.6511628 | N8: =COUNTIFS(集計用!$G:$G,"*, "&$C8&", *",集計用!$AE:$AE,"無回答")/テーブル2[[#This Row],[n=]]*100 -> 0
A9: 3 | B9: =(COUNTIFS(集計用!$G:$G,"*, "&$C9&",*")) -> 86 | C9: 無性 | D9: =テーブル2[[#This Row],[n=]]/443*100 -> 19.413093 | E9: =(COUNTIFS(集計用!$G:$G, "*, "&$C9&", *",集計用!$AE:$AE,"11-15")+COUNTIFS(集計用!$G:$G, "*, "&$C9&", *",集計用!$AE:$AE,"16-20"))/テーブル2[[#This Row],[n=]]*100 -> 9.3023256 | F9: =(COUNTIFS(集計用!$G:$G, "*, "&$C9&", *",集計用!$AE:$AE,"21-25"))/テーブル2[[#This Row],[n=]]*100 -> 24.418605 | G9: =COUNTIFS(集計用!$G:$G, "*, "&$C9&", *",集計用!$AE:$AE,"26-30")/テーブル2[[#This Row],[n=]]*100 -> 23.255814 | H9: =(COUNTIFS(集計用!$G:$G, "*, "&$C9&", *",集計用!$AE:$AE,"31-35"))/テーブル2[[#This Row],[n=]]*100 -> 17.44186 | I9: =(COUNTIFS(集計用!$G:$G, "*, "&$C9&", *",集計用!$AE:$AE,"36-40"))/テーブル2[[#This Row],[n=]]*100 -> 11.627907 | J9: =(COUNTIFS(集計用!$G:$G, "*, "&$C9&", *",集計用!$AE:$AE,"41-45"))/テーブル2[[#This Row],[n=]]*100 -> 3.4883721 | K9: =(COUNTIFS(集計用!$G:$G, "*, "&$C9&", *",集計用!$AE:$AE,"46-50"))/テーブル2[[#This Row],[n=]]*100 -> 5.8139535 | L9: =(COUNTIFS(集計用!$G:$G, "*, "&$C9&", *",集計用!$AE:$AE,"51-55")+COUNTIFS(集計用!$G:$G, "*, "&$C9&", *",集計用!$AE:$AE,"56-60")+COUNTIFS(集計用!$G:$G, "*, "&$C9&", *",集計用!$AE:$AE,"61-65"))/テーブル2[[#This Row],[n=]]*100 -> 4.6511628 | M9: =(COUNTIFS(集計用!$G:$G, "*, "&$C9&", *",集計用!$AE:$AE,"56-60")+COUNTIFS(集計用!$G:$G, "*, "&$C9&", *",集計用!$AE:$AE,"61-65"))/テーブル2[[#This Row],[n=]]*100 -> 2.3255814 | N9: =COUNTIFS(集計用!$G:$G,"*, "&$C9&", *",集計用!$AE:$AE,"無回答")/テーブル2[[#This Row],[n=]]*100 -> 0
A10: 4 | B10: =(COUNTIFS(集計用!$G:$G,"*, "&$C10&",*")) -> 75 | C10: （ジェンダー・）フルイド／（ジェンダー・）フリュイド／（ジェンダー・）フルイッド | D10: =テーブル2[[#This Row],[n=]]/443*100 -> 16.930023 | E10: =(COUNTIFS(集計用!$G:$G, "*, "&$C10&", *",集計用!$AE:$AE,"11-15")+COUNTIFS(集計用!$G:$G, "*, "&$C10&", *",集計用!$AE:$AE,"16-20"))/テーブル2[[#This Row],[n=]]*100 -> 8 | F10: =(COUNTIFS(集計用!$G:$G, "*, "&$C10&", *",集計用!$AE:$AE,"21-25"))/テーブル2[[#This Row],[n=]]*100 -> 36 | G10: =COUNTIFS(集計用!$G:$G, "*, "&$C10&", *",集計用!$AE:$AE,"26-30")/テーブル2[[#This Row],[n=]]*100 -> 22.666667 | H10: =(COUNTIFS(集計用!$G:$G, "*, "&$C10&", *",集計用!$AE:$AE,"31-35"))/テーブル2[[#This Row],[n=]]*100 -> 21.333333 | I10: =(COUNTIFS(集計用!$G:$G, "*, "&$C10&", *",集計用!$AE:$AE,"36-40"))/テーブル2[[#This Row],[n=]]*100 -> 2.6666667 | J10: =(COUNTIFS(集計用!$G:$G, "*, "&$C10&", *",集計用!$AE:$AE,"41-45"))/テーブル2[[#This Row],[n=]]*100 -> 4 | K10: =(COUNTIFS(集計用!$G:$G, "*, "&$C10&", *",集計用!$AE:$AE,"46-50"))/テーブル2[[#This Row],[n=]]*100 -> 2.6666667 | L10: =(COUNTIFS(集計用!$G:$G, "*, "&$C10&", *",集計用!$AE:$AE,"51-55")+COUNTIFS(集計用!$G:$G, "*, "&$C10&", *",集計用!$AE:$AE,"56-60")+COUNTIFS(集計用!$G:$G, "*, "&$C10&", *",集計用!$AE:$AE,"61-65"))/テーブル2[[#This Row],[n=]]*100 -> 2.6666667 | M10: =(COUNTIFS(集計用!$G:$G, "*, "&$C10&", *",集計用!$AE:$AE,"56-60")+COUNTIFS(集計用!$G:$G, "*, "&$C10&", *",集計用!$AE:$AE,"61-65"))/テーブル2[[#This Row],[n=]]*100 -> 2.6666667 | N10: =COUNTIFS(集計用!$G:$G,"*, "&$C10&", *",集計用!$AE:$AE,"無回答")/テーブル2[[#This Row],[n=]]*100 -> 0
A11: 1 | B11: =(COUNTIFS(集計用!$G:$G,"*, "&$C11&",*")) -> 74 | C11: ジェンダークィア | D11: =テーブル2[[#This Row],[n=]]/443*100 -> 16.704289 | E11: =(COUNTIFS(集計用!$G:$G, "*, "&$C11&", *",集計用!$AE:$AE,"11-15")+COUNTIFS(集計用!$G:$G, "*, "&$C11&", *",集計用!$AE:$AE,"16-20"))/テーブル2[[#This Row],[n=]]*100 -> 6.7567568 | F11: =(COUNTIFS(集計用!$G:$G, "*, "&$C11&", *",集計用!$AE:$AE,"21-25"))/テーブル2[[#This Row],[n=]]*100 -> 36.486486 | G11: =COUNTIFS(集計用!$G:$G, "*, "&$C11&", *",集計用!$AE:$AE,"26-30")/テーブル2[[#This Row],[n=]]*100 -> 16.216216 | H11: =(COUNTIFS(集計用!$G:$G, "*, "&$C11&", *",集計用!$AE:$AE,"31-35"))/テーブル2[[#This Row],[n=]]*100 -> 14.864865 | I11: =(COUNTIFS(集計用!$G:$G, "*, "&$C11&", *",集計用!$AE:$AE,"36-40"))/テーブル2[[#This Row],[n=]]*100 -> 6.7567568 | J11: =(COUNTIFS(集計用!$G:$G, "*, "&$C11&", *",集計用!$AE:$AE,"41-45"))/テーブル2[[#This Row],[n=]]*100 -> 8.1081081 | K11: =(COUNTIFS(集計用!$G:$G, "*, "&$C11&", *",集計用!$AE:$AE,"46-50"))/テーブル2[[#This Row],[n=]]*100 -> 4.0540541 | L11: =(COUNTIFS(集計用!$G:$G, "*, "&$C11&", *",集計用!$AE:$AE,"51-55")+COUNTIFS(集計用!$G:$G, "*, "&$C11&", *",集計用!$AE:$AE,"56-60")+COUNTIFS(集計用!$G:$G, "*, "&$C11&", *",集計用!$AE:$AE,"61-65"))/テーブル2[[#This Row],[n=]]*100 -> 6.7567568 | M11: =(COUNTIFS(集計用!$G:$G, "*, "&$C11&", *",集計用!$AE:$AE,"56-60")+COUNTIFS(集計用!$G:$G, "*, "&$C11&", *",集計用!$AE:$AE,"61-65"))/テーブル2[[#This Row],[n=]]*100 -> 6.7567568 | N11: =COUNTIFS(集計用!$G:$G,"*, "&$C11&", *",集計用!$AE:$AE,"無回答")/テーブル2[[#This Row],[n=]]*100 -> 0
A12: 1 | B12: =(COUNTIFS(集計用!$G:$G,"*, "&$C12&",*")) -> 71 | C12: 不明／わからない | D12: =テーブル2[[#This Row],[n=]]/443*100 -> 16.027088 | E12: =(COUNTIFS(集計用!$G:$G, "*, "&$C12&", *",集計用!$AE:$AE,"11-15")+COUNTIFS(集計用!$G:$G, "*, "&$C12&", *",集計用!$AE:$AE,"16-20"))/テーブル2[[#This Row],[n=]]*100 -> 11.267606 | F12: =(COUNTIFS(集計用!$G:$G, "*, "&$C12&", *",集計用!$AE:$AE,"21-25"))/テーブル2[[#This Row],[n=]]*100 -> 30.985915 | G12: =COUNTIFS(集計用!$G:$G, "*, "&$C12&", *",集計用!$AE:$AE,"26-30")/テーブル2[[#This Row],[n=]]*100 -> 23.943662 | H12: =(COUNTIFS(集計用!$G:$G, "*, "&$C12&", *",集計用!$AE:$AE,"31-35"))/テーブル2[[#This Row],[n=]]*100 -> 19.71831 | I12: =(COUNTIFS(集計用!$G:$G, "*, "&$C12&", *",集計用!$AE:$AE,"36-40"))/テーブル2[[#This Row],[n=]]*100 -> 2.8169014 | J12: =(COUNTIFS(集計用!$G:$G, "*, "&$C12&", *",集計用!$AE:$AE,"41-45"))/テーブル2[[#This Row],[n=]]*100 -> 2.8169014 | K12: =(COUNTIFS(集計用!$G:$G, "*, "&$C12&", *",集計用!$AE:$AE,"46-50"))/テーブル2[[#This Row],[n=]]*100 -> 4.2253521 | L12: =(COUNTIFS(集計用!$G:$G, "*, "&$C12&", *",集計用!$AE:$AE,"51-55")+COUNTIFS(集計用!$G:$G, "*, "&$C12&", *",集計用!$AE:$AE,"56-60")+COUNTIFS(集計用!$G:$G, "*, "&$C12&", *",集計用!$AE:$AE,"61-65"))/テーブル2[[#This Row],[n=]]*100 -> 4.2253521 | M12: =(COUNTIFS(集計用!$G:$G, "*, "&$C12&", *",集計用!$AE:$AE,"56-60")+COUNTIFS(集計用!$G:$G, "*, "&$C12&", *",集計用!$AE:$AE,"61-65"))/テーブル2[[#This Row],[n=]]*100 -> 1.4084507 | N12: =COUNTIFS(集計用!$G:$G,"*, "&$C12&", *",集計用!$AE:$AE,"無回答")/テーブル2[[#This Row],[n=]]*100 -> 0
A13: 3 | B13: =(COUNTIFS(集計用!$G:$G,"*, "&$C13&",*")) -> 71 | C13: Aジェンダー／エイジェンダー／アジェンダー／agender | D13: =テーブル2[[#This Row],[n=]]/443*100 -> 16.027088 | E13: =(COUNTIFS(集計用!$G:$G, "*, "&$C13&", *",集計用!$AE:$AE,"11-15")+COUNTIFS(集計用!$G:$G, "*, "&$C13&", *",集計用!$AE:$AE,"16-20"))/テーブル2[[#This Row],[n=]]*100 -> 11.267606 | F13: =(COUNTIFS(集計用!$G:$G, "*, "&$C13&", *",集計用!$AE:$AE,"21-25"))/テーブル2[[#This Row],[n=]]*100 -> 28.169014 | G13: =COUNTIFS(集計用!$G:$G, "*, "&$C13&", *",集計用!$AE:$AE,"26-30")/テーブル2[[#This Row],[n=]]*100 -> 21.126761 | H13: =(COUNTIFS(集計用!$G:$G, "*, "&$C13&", *",集計用!$AE:$AE,"31-35"))/テーブル2[[#This Row],[n=]]*100 -> 18.309859 | I13: =(COUNTIFS(集計用!$G:$G, "*, "&$C13&", *",集計用!$AE:$AE,"36-40"))/テーブル2[[#This Row],[n=]]*100 -> 8.4507042 | J13: =(COUNTIFS(集計用!$G:$G, "*, "&$C13&", *",集計用!$AE:$AE,"41-45"))/テーブル2[[#This Row],[n=]]*100 -> 5.6338028 | K13: =(COUNTIFS(集計用!$G:$G, "*, "&$C13&", *",集計用!$AE:$AE,"46-50"))/テーブル2[[#This Row],[n=]]*100 -> 1.4084507 | L13: =(COUNTIFS(集計用!$G:$G, "*, "&$C13&", *",集計用!$AE:$AE,"51-55")+COUNTIFS(集計用!$G:$G, "*, "&$C13&", *",集計用!$AE:$AE,"56-60")+COUNTIFS(集計用!$G:$G, "*, "&$C13&", *",集計用!$AE:$AE,"61-65"))/テーブル2[[#This Row],[n=]]*100 -> 5.6338028 | M13: =(COUNTIFS(集計用!$G:$G, "*, "&$C13&", *",集計用!$AE:$AE,"56-60")+COUNTIFS(集計用!$G:$G, "*, "&$C13&", *",集計用!$AE:$AE,"61-65"))/テーブル2[[#This Row],[n=]]*100 -> 1.4084507 | N13: =COUNTIFS(集計用!$G:$G,"*, "&$C13&", *",集計用!$AE:$AE,"無回答")/テーブル2[[#This Row],[n=]]*100 -> 0
A14: 2 | B14: =(COUNTIFS(集計用!$G:$G,"*, "&$C14&",*")) -> 69 | C14: X | D14: =テーブル2[[#This Row],[n=]]/443*100 -> 15.575621 | E14: =(COUNTIFS(集計用!$G:$G, "*, "&$C14&", *",集計用!$AE:$AE,"11-15")+COUNTIFS(集計用!$G:$G, "*, "&$C14&", *",集計用!$AE:$AE,"16-20"))/テーブル2[[#This Row],[n=]]*100 -> 7.2463768 | F14: =(COUNTIFS(集計用!$G:$G, "*, "&$C14&", *",集計用!$AE:$AE,"21-25"))/テーブル2[[#This Row],[n=]]*100 -> 23.188406 | G14: =COUNTIFS(集計用!$G:$G, "*, "&$C14&", *",集計用!$AE:$AE,"26-30")/テーブル2[[#This Row],[n=]]*100 -> 23.188406 | H14: =(COUNTIFS(集計用!$G:$G, "*, "&$C14&", *",集計用!$AE:$AE,"31-35"))/テーブル2[[#This Row],[n=]]*100 -> 18.84058 | I14: =(COUNTIFS(集計用!$G:$G, "*, "&$C14&", *",集計用!$AE:$AE,"36-40"))/テーブル2[[#This Row],[n=]]*100 -> 8.6956522 | J14: =(COUNTIFS(集計用!$G:$G, "*, "&$C14&", *",集計用!$AE:$AE,"41-45"))/テーブル2[[#This Row],[n=]]*100 -> 8.6956522 | K14: =(COUNTIFS(集計用!$G:$G, "*, "&$C14&", *",集計用!$AE:$AE,"46-50"))/テーブル2[[#This Row],[n=]]*100 -> 5.7971014 | L14: =(COUNTIFS(集計用!$G:$G, "*, "&$C14&", *",集計用!$AE:$AE,"51-55")+COUNTIFS(集計用!$G:$G, "*, "&$C14&", *",集計用!$AE:$AE,"56-60")+COUNTIFS(集計用!$G:$G, "*, "&$C14&", *",集計用!$AE:$AE,"61-65"))/テーブル2[[#This Row],[n=]]*100 -> 2.8985507 | M14: =(COUNTIFS(集計用!$G:$G, "*, "&$C14&", *",集計用!$AE:$AE,"56-60")+COUNTIFS(集計用!$G:$G, "*, "&$C14&", *",集計用!$AE:$AE,"61-65"))/テーブル2[[#This Row],[n=]]*100 -> 2.8985507 | N14: =COUNTIFS(集計用!$G:$G,"*, "&$C14&", *",集計用!$AE:$AE,"無回答")/テーブル2[[#This Row],[n=]]*100 -> 1.4492754
A15: 5 | B15: =(COUNTIFS(集計用!$G:$G,"*, "&$C15&",*")) -> 60 | C15: トランスジェンダー | D15: =テーブル2[[#This Row],[n=]]/443*100 -> 13.544018 | E15: =(COUNTIFS(集計用!$G:$G, "*, "&$C15&", *",集計用!$AE:$AE,"11-15")+COUNTIFS(集計用!$G:$G, "*, "&$C15&", *",集計用!$AE:$AE,"16-20"))/テーブル2[[#This Row],[n=]]*100 -> 6.6666667 | F15: =(COUNTIFS(集計用!$G:$G, "*, "&$C15&", *",集計用!$AE:$AE,"21-25"))/テーブル2[[#This Row],[n=]]*100 -> 21.666667 | G15: =COUNTIFS(集計用!$G:$G, "*, "&$C15&", *",集計用!$AE:$AE,"26-30")/テーブル2[[#This Row],[n=]]*100 -> 25 | H15: =(COUNTIFS(集計用!$G:$G, "*, "&$C15&", *",集計用!$AE:$AE,"31-35"))/テーブル2[[#This Row],[n=]]*100 -> 15 | I15: =(COUNTIFS(集計用!$G:$G, "*, "&$C15&", *",集計用!$AE:$AE,"36-40"))/テーブル2[[#This Row],[n=]]*100 -> 6.6666667 | J15: =(COUNTIFS(集計用!$G:$G, "*, "&$C15&", *",集計用!$AE:$AE,"41-45"))/テーブル2[[#This Row],[n=]]*100 -> 8.3333333 | K15: =(COUNTIFS(集計用!$G:$G, "*, "&$C15&", *",集計用!$AE:$AE,"46-50"))/テーブル2[[#This Row],[n=]]*100 -> 6.6666667 | L15: =(COUNTIFS(集計用!$G:$G, "*, "&$C15&", *",集計用!$AE:$AE,"51-55")+COUNTIFS(集計用!$G:$G, "*, "&$C15&", *",集計用!$AE:$AE,"56-60")+COUNTIFS(集計用!$G:$G, "*, "&$C15&", *",集計用!$AE:$AE,"61-65"))/テーブル2[[#This Row],[n=]]*100 -> 10 | M15: =(COUNTIFS(集計用!$G:$G, "*, "&$C15&", *",集計用!$AE:$AE,"56-60")+COUNTIFS(集計用!$G:$G, "*, "&$C15&", *",集計用!$AE:$AE,"61-65"))/テーブル2[[#This Row],[n=]]*100 -> 6.6666667 | N15: =COUNTIFS(集計用!$G:$G,"*, "&$C15&", *",集計用!$AE:$AE,"無回答")/テーブル2[[#This Row],[n=]]*100 -> 0
A16: 2 | B16: =(COUNTIFS(集計用!$G:$G,"*, "&$C16&",*")) -> 60 | C16: 中性 | D16: =テーブル2[[#This Row],[n=]]/443*100 -> 13.544018 | E16: =(COUNTIFS(集計用!$G:$G, "*, "&$C16&", *",集計用!$AE:$AE,"11-15")+COUNTIFS(集計用!$G:$G, "*, "&$C16&", *",集計用!$AE:$AE,"16-20"))/テーブル2[[#This Row],[n=]]*100 -> 3.3333333 | F16: =(COUNTIFS(集計用!$G:$G, "*, "&$C16&", *",集計用!$AE:$AE,"21-25"))/テーブル2[[#This Row],[n=]]*100 -> 21.666667 | G16: =COUNTIFS(集計用!$G:$G, "*, "&$C16&", *",集計用!$AE:$AE,"26-30")/テーブル2[[#This Row],[n=]]*100 -> 25 | H16: =(COUNTIFS(集計用!$G:$G, "*, "&$C16&", *",集計用!$AE:$AE,"31-35"))/テーブル2[[#This Row],[n=]]*100 -> 15 | I16: =(COUNTIFS(集計用!$G:$G, "*, "&$C16&", *",集計用!$AE:$AE,"36-40"))/テーブル2[[#This Row],[n=]]*100 -> 8.3333333 | J16: =(COUNTIFS(集計用!$G:$G, "*, "&$C16&", *",集計用!$AE:$AE,"41-45"))/テーブル2[[#This Row],[n=]]*100 -> 13.333333 | K16: =(COUNTIFS(集計用!$G:$G, "*, "&$C16&", *",集計用!$AE:$AE,"46-50"))/テーブル2[[#This Row],[n=]]*100 -> 8.3333333 | L16: =(COUNTIFS(集計用!$G:$G, "*, "&$C16&", *",集計用!$AE:$AE,"51-55")+COUNTIFS(集計用!$G:$G, "*, "&$C16&", *",集計用!$AE:$AE,"56-60")+COUNTIFS(集計用!$G:$G, "*, "&$C16&", *",集計用!$AE:$AE,"61-65"))/テーブル2[[#This Row],[n=]]*100 -> 5 | M16: =(COUNTIFS(集計用!$G:$G, "*, "&$C16&", *",集計用!$AE:$AE,"56-60")+COUNTIFS(集計用!$G:$G, "*, "&$C16&", *",集計用!$AE:$AE,"61-65"))/テーブル2[[#This Row],[n=]]*100 -> 5 | N16: =COUNTIFS(集計用!$G:$G,"*, "&$C16&", *",集計用!$AE:$AE,"無回答")/テーブル2[[#This Row],[n=]]*100 -> 0
... A56: 4 | B56: =(COUNTIFS(集計用!$G:$G,"*, "&$C56&",*")) -> 5 | C56: 少女 | D56: =テーブル2[[#This Row],[n=]]/443*100 -> 1.1286682 | E56: =(COUNTIFS(集計用!$G:$G, "*, "&$C56&", *",集計用!$AE:$AE,"11-15")+COUNTIFS(集計用!$G:$G, "*, "&$C56&", *",集計用!$AE:$AE,"16-20"))/テーブル2[[#This Row],[n=]]*100 -> 40 | F56: =(COUNTIFS(集計用!$G:$G, "*, "&$C56&", *",集計用!$AE:$AE,"21-25"))/テーブル2[[#This Row],[n=]]*100 -> 20 | G56: =COUNTIFS(集計用!$G:$G, "*, "&$C56&", *",集計用!$AE:$AE,"26-30")/テーブル2[[#This Row],[n=]]*100 -> 20 | H56: =(COUNTIFS(集計用!$G:$G, "*, "&$C56&", *",集計用!$AE:$AE,"31-35"))/テーブル2[[#This Row],[n=]]*100 -> 20 | I56: =(COUNTIFS(集計用!$G:$G, "*, "&$C56&", *",集計用!$AE:$AE,"36-40"))/テーブル2[[#This Row],[n=]]*100 -> 0 | J56: =(COUNTIFS(集計用!$G:$G, "*, "&$C56&", *",集計用!$AE:$AE,"41-45"))/テーブル2[[#This Row],[n=]]*100 -> 0 | K56: =(COUNTIFS(集計用!$G:$G, "*, "&$C56&", *",集計用!$AE:$AE,"46-50"))/テーブル2[[#This Row],[n=]]*100 -> 0 | L56: =(COUNTIFS(集計用!$G:$G, "*, "&$C56&", *",集計用!$AE:$AE,"51-55")+COUNTIFS(集計用!$G:$G, "*, "&$C56&", *",集計用!$AE:$AE,"56-60")+COUNTIFS(集計用!$G:$G, "*, "&$C56&", *",集計用!$AE:$AE,"61-65"))/テーブル2[[#This Row],[n=]]*100 -> 0 | M56: =(COUNTIFS(集計用!$G:$G, "*, "&$C56&", *",集計用!$AE:$AE,"56-60")+COUNTIFS(集計用!$G:$G, "*, "&$C56&", *",集計用!$AE:$AE,"61-65"))/テーブル2[[#This Row],[n=]]*100 -> 0 | N56: =COUNTIFS(集計用!$G:$G,"*, "&$C56&", *",集計用!$AE:$AE,"無回答")/テーブル2[[#This Row],[n=]]*100 -> 0
A57: NA | B57: =(COUNTIFS(集計用!$G:$G,"*, "&$C57&",*")) -> 4 | C57: ダイク／dyke | D57: =テーブル2[[#This Row],[n=]]/443*100 -> 0.90293454 | E57: =(COUNTIFS(集計用!$G:$G, "*, "&$C57&", *",集計用!$AE:$AE,"11-15")+COUNTIFS(集計用!$G:$G, "*, "&$C57&", *",集計用!$AE:$AE,"16-20"))/テーブル2[[#This Row],[n=]]*100 -> 25 | F57: =(COUNTIFS(集計用!$G:$G, "*, "&$C57&", *",集計用!$AE:$AE,"21-25"))/テーブル2[[#This Row],[n=]]*100 -> 50 | G57: =COUNTIFS(集計用!$G:$G, "*, "&$C57&", *",集計用!$AE:$AE,"26-30")/テーブル2[[#This Row],[n=]]*100 -> 0 | H57: =(COUNTIFS(集計用!$G:$G, "*, "&$C57&", *",集計用!$AE:$AE,"31-35"))/テーブル2[[#This Row],[n=]]*100 -> 0 | I57: =(COUNTIFS(集計用!$G:$G, "*, "&$C57&", *",集計用!$AE:$AE,"36-40"))/テーブル2[[#This Row],[n=]]*100 -> 0 | J57: =(COUNTIFS(集計用!$G:$G, "*, "&$C57&", *",集計用!$AE:$AE,"41-45"))/テーブル2[[#This Row],[n=]]*100 -> 0 | K57: =(COUNTIFS(集計用!$G:$G, "*, "&$C57&", *",集計用!$AE:$AE,"46-50"))/テーブル2[[#This Row],[n=]]*100 -> 25 | L57: =(COUNTIFS(集計用!$G:$G, "*, "&$C57&", *",集計用!$AE:$AE,"51-55")+COUNTIFS(集計用!$G:$G, "*, "&$C57&", *",集計用!$AE:$AE,"56-60")+COUNTIFS(集計用!$G:$G, "*, "&$C57&", *",集計用!$AE:$AE,"61-65"))/テーブル2[[#This Row],[n=]]*100 -> 0 | M57: =(COUNTIFS(集計用!$G:$G, "*, "&$C57&", *",集計用!$AE:$AE,"56-60")+COUNTIFS(集計用!$G:$G, "*, "&$C57&", *",集計用!$AE:$AE,"61-65"))/テーブル2[[#This Row],[n=]]*100 -> 0 | N57: =COUNTIFS(集計用!$G:$G,"*, "&$C57&", *",集計用!$AE:$AE,"無回答")/テーブル2[[#This Row],[n=]]*100 -> 0
A58: NA | B58: =(COUNTIFS(集計用!$G:$G,"*, "&$C58&",*")) -> 4 | C58: ブッチ／butch | D58: =テーブル2[[#This Row],[n=]]/443*100 -> 0.90293454 | E58: =(COUNTIFS(集計用!$G:$G, "*, "&$C58&", *",集計用!$AE:$AE,"11-15")+COUNTIFS(集計用!$G:$G, "*, "&$C58&", *",集計用!$AE:$AE,"16-20"))/テーブル2[[#This Row],[n=]]*100 -> 25 | F58: =(COUNTIFS(集計用!$G:$G, "*, "&$C58&", *",集計用!$AE:$AE,"21-25"))/テーブル2[[#This Row],[n=]]*100 -> 75 | G58: =COUNTIFS(集計用!$G:$G, "*, "&$C58&", *",集計用!$AE:$AE,"26-30")/テーブル2[[#This Row],[n=]]*100 -> 0 | H58: =(COUNTIFS(集計用!$G:$G, "*, "&$C58&", *",集計用!$AE:$AE,"31-35"))/テーブル2[[#This Row],[n=]]*100 -> 0 | I58: =(COUNTIFS(集計用!$G:$G, "*, "&$C58&", *",集計用!$AE:$AE,"36-40"))/テーブル2[[#This Row],[n=]]*100 -> 0 | J58: =(COUNTIFS(集計用!$G:$G, "*, "&$C58&", *",集計用!$AE:$AE,"41-45"))/テーブル2[[#This Row],[n=]]*100 -> 0 | K58: =(COUNTIFS(集計用!$G:$G, "*, "&$C58&", *",集計用!$AE:$AE,"46-50"))/テーブル2[[#This Row],[n=]]*100 -> 0 | L58: =(COUNTIFS(集計用!$G:$G, "*, "&$C58&", *",集計用!$AE:$AE,"51-55")+COUNTIFS(集計用!$G:$G, "*, "&$C58&", *",集計用!$AE:$AE,"56-60")+COUNTIFS(集計用!$G:$G, "*, "&$C58&", *",集計用!$AE:$AE,"61-65"))/テーブル2[[#This Row],[n=]]*100 -> 0 | M58: =(COUNTIFS(集計用!$G:$G, "*, "&$C58&", *",集計用!$AE:$AE,"56-60")+COUNTIFS(集計用!$G:$G, "*, "&$C58&", *",集計用!$AE:$AE,"61-65"))/テーブル2[[#This Row],[n=]]*100 -> 0 | N58: =COUNTIFS(集計用!$G:$G,"*, "&$C58&", *",集計用!$AE:$AE,"無回答")/テーブル2[[#This Row],[n=]]*100 -> 0
A59: NA | B59: =(COUNTIFS(集計用!$G:$G,"*, "&$C59&",*")) -> 3 | C59: おかま | D59: =テーブル2[[#This Row],[n=]]/443*100 -> 0.6772009 | E59: =(COUNTIFS(集計用!$G:$G, "*, "&$C59&", *",集計用!$AE:$AE,"11-15")+COUNTIFS(集計用!$G:$G, "*, "&$C59&", *",集計用!$AE:$AE,"16-20"))/テーブル2[[#This Row],[n=]]*100 -> 0 | F59: =(COUNTIFS(集計用!$G:$G, "*, "&$C59&", *",集計用!$AE:$AE,"21-25"))/テーブル2[[#This Row],[n=]]*100 -> 33.333333 | G59: =COUNTIFS(集計用!$G:$G, "*, "&$C59&", *",集計用!$AE:$AE,"26-30")/テーブル2[[#This Row],[n=]]*100 -> 33.333333 | H59: =(COUNTIFS(集計用!$G:$G, "*, "&$C59&", *",集計用!$AE:$AE,"31-35"))/テーブル2[[#This Row],[n=]]*100 -> 0 | I59: =(COUNTIFS(集計用!$G:$G, "*, "&$C59&", *",集計用!$AE:$AE,"36-40"))/テーブル2[[#This Row],[n=]]*100 -> 33.333333 | J59: =(COUNTIFS(集計用!$G:$G, "*, "&$C59&", *",集計用!$AE:$AE,"41-45"))/テーブル2[[#This Row],[n=]]*100 -> 0 | K59: =(COUNTIFS(集計用!$G:$G, "*, "&$C59&", *",集計用!$AE:$AE,"46-50"))/テーブル2[[#This Row],[n=]]*100 -> 0 | L59: =(COUNTIFS(集計用!$G:$G, "*, "&$C59&", *",集計用!$AE:$AE,"51-55")+COUNTIFS(集計用!$G:$G, "*, "&$C59&", *",集計用!$AE:$AE,"56-60")+COUNTIFS(集計用!$G:$G, "*, "&$C59&", *",集計用!$AE:$AE,"61-65"))/テーブル2[[#This Row],[n=]]*100 -> 0 | M59: =(COUNTIFS(集計用!$G:$G, "*, "&$C59&", *",集計用!$AE:$AE,"56-60")+COUNTIFS(集計用!$G:$G, "*, "&$C59&", *",集計用!$AE:$AE,"61-65"))/テーブル2[[#This Row],[n=]]*100 -> 0 | N59: =COUNTIFS(集計用!$G:$G,"*, "&$C59&", *",集計用!$AE:$AE,"無回答")/テーブル2[[#This Row],[n=]]*100 -> 0
A60: NA | B60: =(COUNTIFS(集計用!$G:$G,"*, "&$C60&",*")) -> 2 | C60: ニューハーフ | D60: =テーブル2[[#This Row],[n=]]/443*100 -> 0.45146727 | E60: =(COUNTIFS(集計用!$G:$G, "*, "&$C60&", *",集計用!$AE:$AE,"11-15")+COUNTIFS(集計用!$G:$G, "*, "&$C60&", *",集計用!$AE:$AE,"16-20"))/テーブル2[[#This Row],[n=]]*100 -> 0 | F60: =(COUNTIFS(集計用!$G:$G, "*, "&$C60&", *",集計用!$AE:$AE,"21-25"))/テーブル2[[#This Row],[n=]]*100 -> 50 | G60: =COUNTIFS(集計用!$G:$G, "*, "&$C60&", *",集計用!$AE:$AE,"26-30")/テーブル2[[#This Row],[n=]]*100 -> 0 | H60: =(COUNTIFS(集計用!$G:$G, "*, "&$C60&", *",集計用!$AE:$AE,"31-35"))/テーブル2[[#This Row],[n=]]*100 -> 0 | I60: =(COUNTIFS(集計用!$G:$G, "*, "&$C60&", *",集計用!$AE:$AE,"36-40"))/テーブル2[[#This Row],[n=]]*100 -> 0 | J60: =(COUNTIFS(集計用!$G:$G, "*, "&$C60&", *",集計用!$AE:$AE,"41-45"))/テーブル2[[#This Row],[n=]]*100 -> 0 | K60: =(COUNTIFS(集計用!$G:$G, "*, "&$C60&", *",集計用!$AE:$AE,"46-50"))/テーブル2[[#This Row],[n=]]*100 -> 50 | L60: =(COUNTIFS(集計用!$G:$G, "*, "&$C60&", *",集計用!$AE:$AE,"51-55")+COUNTIFS(集計用!$G:$G, "*, "&$C60&", *",集計用!$AE:$AE,"56-60")+COUNTIFS(集計用!$G:$G, "*, "&$C60&", *",集計用!$AE:$AE,"61-65"))/テーブル2[[#This Row],[n=]]*100 -> 0 | M60: =(COUNTIFS(集計用!$G:$G, "*, "&$C60&", *",集計用!$AE:$AE,"56-60")+COUNTIFS(集計用!$G:$G, "*, "&$C60&", *",集計用!$AE:$AE,"61-65"))/テーブル2[[#This Row],[n=]]*100 -> 0 | N60: =COUNTIFS(集計用!$G:$G,"*, "&$C60&", *",集計用!$AE:$AE,"無回答")/テーブル2[[#This Row],[n=]]*100 -> 0
A61: NA | B61: =(COUNTIFS(集計用!$G:$G,"*, "&$C61&",*")) -> 1 | C61: おなべ | D61: =テーブル2[[#This Row],[n=]]/443*100 -> 0.22573363 | E61: =(COUNTIFS(集計用!$G:$G, "*, "&$C61&", *",集計用!$AE:$AE,"11-15")+COUNTIFS(集計用!$G:$G, "*, "&$C61&", *",集計用!$AE:$AE,"16-20"))/テーブル2[[#This Row],[n=]]*100 -> 0 | F61: =(COUNTIFS(集計用!$G:$G, "*, "&$C61&", *",集計用!$AE:$AE,"21-25"))/テーブル2[[#This Row],[n=]]*100 -> 0 | G61: =COUNTIFS(集計用!$G:$G, "*, "&$C61&", *",集計用!$AE:$AE,"26-30")/テーブル2[[#This Row],[n=]]*100 -> 100 | H61: =(COUNTIFS(集計用!$G:$G, "*, "&$C61&", *",集計用!$AE:$AE,"31-35"))/テーブル2[[#This Row],[n=]]*100 -> 0 | I61: =(COUNTIFS(集計用!$G:$G, "*, "&$C61&", *",集計用!$AE:$AE,"36-40"))/テーブル2[[#This Row],[n=]]*100 -> 0 | J61: =(COUNTIFS(集計用!$G:$G, "*, "&$C61&", *",集計用!$AE:$AE,"41-45"))/テーブル2[[#This Row],[n=]]*100 -> 0 | K61: =(COUNTIFS(集計用!$G:$G, "*, "&$C61&", *",集計用!$AE:$AE,"46-50"))/テーブル2[[#This Row],[n=]]*100 -> 0 | L61: =(COUNTIFS(集計用!$G:$G, "*, "&$C61&", *",集計用!$AE:$AE,"51-55")+COUNTIFS(集計用!$G:$G, "*, "&$C61&", *",集計用!$AE:$AE,"56-60")+COUNTIFS(集計用!$G:$G, "*, "&$C61&", *",集計用!$AE:$AE,"61-65"))/テーブル2[[#This Row],[n=]]*100 -> 0 | M61: =(COUNTIFS(集計用!$G:$G, "*, "&$C61&", *",集計用!$AE:$AE,"56-60")+COUNTIFS(集計用!$G:$G, "*, "&$C61&", *",集計用!$AE:$AE,"61-65"))/テーブル2[[#This Row],[n=]]*100 -> 0 | N61: =COUNTIFS(集計用!$G:$G,"*, "&$C61&", *",集計用!$AE:$AE,"無回答")/テーブル2[[#This Row],[n=]]*100 -> 0

Sheet A3.ジェンダーとラベル選択数
A1: 表A3：ジェンダー・ラベルおよび年齢ごとの、選択されたジェンダー・ラベルの個数
A3: cluster | B3: n= | C3: ジェンダー・ラベル | D3: 全回答者 | E3: 16-20 | F3: 21-25 | G3: 26-30 | H3: 31-35 | I3: 36-40 | J3: 41-45 | K3: 46-50 | L3: 51-55 | M3: 56+ | N3: 無回答
A4: 0 | B4: =(COUNTA(集計用!$G:$G)-1) -> 443 | C4: 全回答者 | D4: =(SUM(集計用!$AI:$AI))/テーブル3[[#This Row],[n=]] -> 4.5349887 | E4: =(SUMIFS(集計用!$AI:$AI,集計用!$AE:$AE,"11-15")+SUMIFS(集計用!$AI:$AI,集計用!$AE:$AE,"16-20"))/(COUNTIFS(集計用!$AE:$AE,"11-15")+COUNTIFS(集計用!$AE:$AE,"16-20")) -> 3.877551 | F4: =(SUMIFS(集計用!$AI:$AI,集計用!$AE:$AE,F$3))/COUNTIFS(集計用!$AE:$AE,F$3) -> 5.1034483 | G4: =(SUMIFS(集計用!$AI:$AI,集計用!$AE:$AE,G$3))/COUNTIFS(集計用!$AE:$AE,G$3) -> 4.4772727 | H4: =(SUMIFS(集計用!$AI:$AI,集計用!$AE:$AE,H$3))/COUNTIFS(集計用!$AE:$AE,H$3) -> 4.7012987 | I4: =(SUMIFS(集計用!$AI:$AI,集計用!$AE:$AE,I$3))/COUNTIFS(集計用!$AE:$AE,I$3) -> 3.9411765 | J4: =(SUMIFS(集計用!$AI:$AI,集計用!$AE:$AE,J$3))/COUNTIFS(集計用!$AE:$AE,J$3) -> 4 | K4: =(SUMIFS(集計用!$AI:$AI,集計用!$AE:$AE,K$3))/COUNTIFS(集計用!$AE:$AE,K$3) -> 3.7083333 | L4: =(SUMIFS(集計用!$AI:$AI,集計用!$AE:$AE,L$3))/COUNTIFS(集計用!$AE:$AE,L$3) -> 4.0909091 | M4: =(SUMIFS(集計用!$AI:$AI,集計用!$AE:$AE,"56-60")+SUMIFS(集計用!$AI:$AI,集計用!$AE:$AE,"61-65"))/(COUNTIFS(集計用!$AE:$AE,"56-60")+COUNTIFS(集計用!$AE:$AE,"61-65")) -> 6.5 | N4: =(SUMIFS(集計用!$AI:$AI,集計用!$AE:$AE,N$3))/COUNTIFS(集計用!$AE:$AE,N$3) -> 1
A5: 1 | B5: =(COUNTIFS(集計用!$G:$G,"*, "&$C5&",*")) -> 256 | C5: ノンバイナリー | D5: =SUMIFS(集計用!$AI:$AI,集計用!$G:$G,"*, "&$C5&", *")/テーブル3[[#This Row],[n=]] -> 5.34375 | E5: =(SUMIFS(集計用!$AI:$AI,集計用!$AE:$AE,"11-15")+SUMIFS(集計用!$AI:$AI,集計用!$AE:$AE,"16-20"))/(COUNTIFS(集計用!$AE:$AE,"11-15")+COUNTIFS(集計用!$AE:$AE,"16-20")) -> 3.877551 | F5: =(SUMIFS(集計用!$AI:$AI, 集計用!$G:$G, "*, "&$C5&", *",集計用!$AE:$AE,F$3))/COUNTIFS(集計用!$G:$G, "*, "&$C5&", *",集計用!$AE:$AE,F$3) -> 5.5342466 | G5: =(SUMIFS(集計用!$AI:$AI, 集計用!$G:$G, "*, "&$C5&", *",集計用!$AE:$AE,G$3))/COUNTIFS(集計用!$G:$G, "*, "&$C5&", *",集計用!$AE:$AE,G$3) -> 4.8214286 | H5: =(SUMIFS(集計用!$AI:$AI, 集計用!$G:$G, "*, "&$C5&", *",集計用!$AE:$AE,H$3))/COUNTIFS(集計用!$G:$G, "*, "&$C5&", *",集計用!$AE:$AE,H$3) -> 5.627907 | I5: =(SUMIFS(集計用!$AI:$AI, 集計用!$G:$G, "*, "&$C5&", *",集計用!$AE:$AE,I$3))/COUNTIFS(集計用!$G:$G, "*, "&$C5&", *",集計用!$AE:$AE,I$3) -> 5.7368421 | J5: =(SUMIFS(集計用!$AI:$AI, 集計用!$G:$G, "*, "&$C5&", *",集計用!$AE:$AE,J$3))/COUNTIFS(集計用!$G:$G, "*, "&$C5&", *",集計用!$AE:$AE,J$3) -> 4.4375 | K5: =(SUMIFS(集計用!$AI:$AI, 集計用!$G:$G, "*, "&$C5&", *",集計用!$AE:$AE,K$3))/COUNTIFS(集計用!$G:$G, "*, "&$C5&", *",集計用!$AE:$AE,K$3) -> 5.4285714 | L5: =(SUMIFS(集計用!$AI:$AI, 集計用!$G:$G, "*, "&$C5&", *",集計用!$AE:$AE,L$3))/COUNTIFS(集計用!$G:$G, "*, "&$C5&", *",集計用!$AE:$AE,L$3) -> 6.1666667 | M5: =(SUMIFS(集計用!$AI:$AI, 集計用!$G:$G, "*, "&$C5&", *",集計用!$AE:$AE,"56-60")+SUMIFS(集計用!$AI:$AI, 集計用!$G:$G, "*, "&$C5&", *",集計用!$AE:$AE,"61-65"))/(COUNTIFS(集計用!$G:$G, "*, "&$C5&", *",集計用!$AE:$AE,"56-60")+COUNTIFS(集計用!$G:$G, "*, "&$C5&", *",集計用!$AE:$AE,"61-65")) -> 8.8571429 | N5: =(SUMIFS(集計用!$AI:$AI, 集計用!$G:$G, "*, "&$C5&", *",集計用!$AE:$AE,N$3))/COUNTIFS(集計用!$G:$G, "*, "&$C5&", *",集計用!$AE:$AE,N$3) -> #DIV/0!
A6: 1 | B6: =(COUNTIFS(集計用!$G:$G,"*, "&$C6&",*")) -> 144 | C6: クィア／Queer | D6: =SUMIFS(集計用!$AI:$AI,集計用!$G:$G,"*, "&$C6&", *")/テーブル3[[#This Row],[n=]] -> 6.5694444 | E6: =(SUMIFS(集計用!$AI:$AI,集計用!$AE:$AE,"11-15")+SUMIFS(集計用!$AI:$AI,集計用!$AE:$AE,"16-20"))/(COUNTIFS(集計用!$AE:$AE,"11-15")+COUNTIFS(集計用!$AE:$AE,"16-20")) -> 3.877551 | F6: =(SUMIFS(集計用!$AI:$AI, 集計用!$G:$G, "*, "&$C6&", *",集計用!$AE:$AE,F$3))/COUNTIFS(集計用!$G:$G, "*, "&$C6&", *",集計用!$AE:$AE,F$3) -> 6.8846154 | G6: =(SUMIFS(集計用!$AI:$AI, 集計用!$G:$G, "*, "&$C6&", *",集計用!$AE:$AE,G$3))/COUNTIFS(集計用!$G:$G, "*, "&$C6&", *",集計用!$AE:$AE,G$3) -> 5.5333333 | H6: =(SUMIFS(集計用!$AI:$AI, 集計用!$G:$G, "*, "&$C6&", *",集計用!$AE:$AE,H$3))/COUNTIFS(集計用!$G:$G, "*, "&$C6&", *",集計用!$AE:$AE,H$3) -> 7.047619 | I6: =(SUMIFS(集計用!$AI:$AI, 集計用!$G:$G, "*, "&$C6&", *",集計用!$AE:$AE,I$3))/COUNTIFS(集計用!$G:$G, "*, "&$C6&", *",集計用!$AE:$AE,I$3) -> 6 | J6: =(SUMIFS(集計用!$AI:$AI, 集計用!$G:$G, "*, "&$C6&", *",集計用!$AE:$AE,J$3))/COUNTIFS(集計用!$G:$G, "*, "&$C6&", *",集計用!$AE:$AE,J$3) -> 6.375 | K6: =(SUMIFS(集計用!$AI:$AI, 集計用!$G:$G, "*, "&$C6&", *",集計用!$AE:$AE,K$3))/COUNTIFS(集計用!$G:$G, "*, "&$C6&", *",集計用!$AE:$AE,K$3) -> 5.6666667 | L6: =(SUMIFS(集計用!$AI:$AI, 集計用!$G:$G, "*, "&$C6&", *",集計用!$AE:$AE,L$3))/COUNTIFS(集計用!$G:$G, "*, "&$C6&", *",集計用!$AE:$AE,L$3) -> 9 | M6: =(SUMIFS(集計用!$AI:$AI, 集計用!$G:$G, "*, "&$C6&", *",集計用!$AE:$AE,"56-60")+SUMIFS(集計用!$AI:$AI, 集計用!$G:$G, "*, "&$C6&", *",集計用!$AE:$AE,"61-65"))/(COUNTIFS(集計用!$G:$G, "*, "&$C6&", *",集計用!$AE:$AE,"56-60")+COUNTIFS(集計用!$G:$G, "*, "&$C6&", *",集計用!$AE:$AE,"61-65")) -> 8.3333333 | N6: =(SUMIFS(集計用!$AI:$AI, 集計用!$G:$G, "*, "&$C6&", *",集計用!$AE:$AE,N$3))/COUNTIFS(集計用!$G:$G, "*, "&$C6&", *",集計用!$AE:$AE,N$3) -> #DIV/0!
A7: 2 | B7: =(COUNTIFS(集計用!$G:$G,"*, "&$C7&",*")) -> 121 | C7: Xジェンダー | D7: =SUMIFS(集計用!$AI:$AI,集計用!$G:$G,"*, "&$C7&", *")/テーブル3[[#This Row],[n=]] -> 6.553719 | E7: =(SUMIFS(集計用!$AI:$AI,集計用!$AE:$AE,"11-15")+SUMIFS(集計用!$AI:$AI,集計用!$AE:$AE,"16-20"))/(COUNTIFS(集計用!$AE:$AE,"11-15")+COUNTIFS(集計用!$AE:$AE,"16-20")) -> 3.877551 | F7: =(SUMIFS(集計用!$AI:$AI, 集計用!$G:$G, "*, "&$C7&", *",集計用!$AE:$AE,F$3))/COUNTIFS(集計用!$G:$G, "*, "&$C7&", *",集計用!$AE:$AE,F$3) -> 7.3939394 | G7: =(SUMIFS(集計用!$AI:$AI, 集計用!$G:$G, "*, "&$C7&", *",集計用!$AE:$AE,G$3))/COUNTIFS(集計用!$G:$G, "*, "&$C7&", *",集計用!$AE:$AE,G$3) -> 5.5 | H7: =(SUMIFS(集計用!$AI:$AI, 集計用!$G:$G, "*, "&$C7&", *",集計用!$AE:$AE,H$3))/COUNTIFS(集計用!$G:$G, "*, "&$C7&", *",集計用!$AE:$AE,H$3) -> 6.2272727 | I7: =(SUMIFS(集計用!$AI:$AI, 集計用!$G:$G, "*, "&$C7&", *",集計用!$AE:$AE,I$3))/COUNTIFS(集計用!$G:$G, "*, "&$C7&", *",集計用!$AE:$AE,I$3) -> 8.4444444 | J7: =(SUMIFS(集計用!$AI:$AI, 集計用!$G:$G, "*, "&$C7&", *",集計用!$AE:$AE,J$3))/COUNTIFS(集計用!$G:$G, "*, "&$C7&", *",集計用!$AE:$AE,J$3) -> 5.1666667 | K7: =(SUMIFS(集計用!$AI:$AI, 集計用!$G:$G, "*, "&$C7&", *",集計用!$AE:$AE,K$3))/COUNTIFS(集計用!$G:$G, "*, "&$C7&", *",集計用!$AE:$AE,K$3) -> 6.4 | L7: =(SUMIFS(集計用!$AI:$AI, 集計用!$G:$G, "*, "&$C7&", *",集計用!$AE:$AE,L$3))/COUNTIFS(集計用!$G:$G, "*, "&$C7&", *",集計用!$AE:$AE,L$3) -> 7.6666667 | M7: =(SUMIFS(集計用!$AI:$AI, 集計用!$G:$G, "*, "&$C7&", *",集計用!$AE:$AE,"56-60")+SUMIFS(集計用!$AI:$AI, 集計用!$G:$G, "*, "&$C7&", *",集計用!$AE:$AE,"61-65"))/(COUNTIFS(集計用!$G:$G, "*, "&$C7&", *",集計用!$AE:$AE,"56-60")+COUNTIFS(集計用!$G:$G, "*, "&$C7&", *",集計用!$AE:$AE,"61-65")) -> 9.5 | N7: =(SUMIFS(集計用!$AI:$AI, 集計用!$G:$G, "*, "&$C7&", *",集計用!$AE:$AE,N$3))/COUNTIFS(集計用!$G:$G, "*, "&$C7&", *",集計用!$AE:$AE,N$3) -> #DIV/0!
A8: 1 | B8: =(COUNTIFS(集計用!$G:$G,"*, "&$C8&",*")) -> 86 | C8: クエスチョニング | D8: =SUMIFS(集計用!$AI:$AI,集計用!$G:$G,"*, "&$C8&", *")/テーブル3[[#This Row],[n=]] -> 6.8953488 | E8: =(SUMIFS(集計用!$AI:$AI,集計用!$AE:$AE,"11-15")+SUMIFS(集計用!$AI:$AI,集計用!$AE:$AE,"16-20"))/(COUNTIFS(集計用!$AE:$AE,"11-15")+COUNTIFS(集計用!$AE:$AE,"16-20")) -> 3.877551 | F8: =(SUMIFS(集計用!$AI:$AI, 集計用!$G:$G, "*, "&$C8&", *",集計用!$AE:$AE,F$3))/COUNTIFS(集計用!$G:$G, "*, "&$C8&", *",集計用!$AE:$AE,F$3) -> 7.6896552 | G8: =(SUMIFS(集計用!$AI:$AI, 集計用!$G:$G, "*, "&$C8&", *",集計用!$AE:$AE,G$3))/COUNTIFS(集計用!$G:$G, "*, "&$C8&", *",集計用!$AE:$AE,G$3) -> 5.7058824 | H8: =(SUMIFS(集計用!$AI:$AI, 集計用!$G:$G, "*, "&$C8&", *",集計用!$AE:$AE,H$3))/COUNTIFS(集計用!$G:$G, "*, "&$C8&", *",集計用!$AE:$AE,H$3) -> 7.2666667 | I8: =(SUMIFS(集計用!$AI:$AI, 集計用!$G:$G, "*, "&$C8&", *",集計用!$AE:$AE,I$3))/COUNTIFS(集計用!$G:$G, "*, "&$C8&", *",集計用!$AE:$AE,I$3) -> 6 | J8: =(SUMIFS(集計用!$AI:$AI, 集計用!$G:$G, "*, "&$C8&", *",集計用!$AE:$AE,J$3))/COUNTIFS(集計用!$G:$G, "*, "&$C8&", *",集計用!$AE:$AE,J$3) -> 5.5 | K8: =(SUMIFS(集計用!$AI:$AI, 集計用!$G:$G, "*, "&$C8&", *",集計用!$AE:$AE,K$3))/COUNTIFS(集計用!$G:$G, "*, "&$C8&", *",集計用!$AE:$AE,K$3) -> #DIV/0! | L8: =(SUMIFS(集計用!$AI:$AI, 集計用!$G:$G, "*, "&$C8&", *",集計用!$AE:$AE,L$3))/COUNTIFS(集計用!$G:$G, "*, "&$C8&", *",集計用!$AE:$AE,L$3) -> 7.25 | M8: =(SUMIFS(集計用!$AI:$AI, 集計用!$G:$G, "*, "&$C8&", *",集計用!$AE:$AE,"56-60")+SUMIFS(集計用!$AI:$AI, 集計用!$G:$G, "*, "&$C8&", *",集計用!$AE:$AE,"61-65"))/(COUNTIFS(集計用!$G:$G, "*, "&$C8&", *",集計用!$AE:$AE,"56-60")+COUNTIFS(集計用!$G:$G, "*, "&$C8&", *",集計用!$AE:$AE,"61-65")) -> 10 | N8: =(SUMIFS(集計用!$AI:$AI, 集計用!$G:$G, "*, "&$C8&", *",集計用!$AE:$AE,N$3))/COUNTIFS(集計用!$G:$G, "*, "&$C8&", *",集計用!$AE:$AE,N$3) -> #DIV/0!
A9: 3 | B9: =(COUNTIFS(集計用!$G:$G,"*, "&$C9&",*")) -> 86 | C9: 無性 | D9: =SUMIFS(集計用!$AI:$AI,集計用!$G:$G,"*, "&$C9&", *")/テーブル3[[#This Row],[n=]] -> 6.3255814 | E9: =(SUMIFS(集計用!$AI:$AI,集計用!$AE:$AE,"11-15")+SUMIFS(集計用!$AI:$AI,集計用!$AE:$AE,"16-20"))/(COUNTIFS(集計用!$AE:$AE,"11-15")+COUNTIFS(集計用!$AE:$AE,"16-20")) -> 3.877551 | F9: =(SUMIFS(集計用!$AI:$AI, 集計用!$G:$G, "*, "&$C9&", *",集計用!$AE:$AE,F$3))/COUNTIFS(集計用!$G:$G, "*, "&$C9&", *",集計用!$AE:$AE,F$3) -> 7.9047619 | G9: =(SUMIFS(集計用!$AI:$AI, 集計用!$G:$G, "*, "&$C9&", *",集計用!$AE:$AE,G$3))/COUNTIFS(集計用!$G:$G, "*, "&$C9&", *",集計用!$AE:$AE,G$3) -> 5.35 | H9: =(SUMIFS(集計用!$AI:$AI, 集計用!$G:$G, "*, "&$C9&", *",集計用!$AE:$AE,H$3))/COUNTIFS(集計用!$G:$G, "*, "&$C9&", *",集計用!$AE:$AE,H$3) -> 5.6 | I9: =(SUMIFS(集計用!$AI:$AI, 集計用!$G:$G, "*, "&$C9&", *",集計用!$AE:$AE,I$3))/COUNTIFS(集計用!$G:$G, "*, "&$C9&", *",集計用!$AE:$AE,I$3) -> 7 | J9: =(SUMIFS(集計用!$AI:$AI, 集計用!$G:$G, "*, "&$C9&", *",集計用!$AE:$AE,J$3))/COUNTIFS(集計用!$G:$G, "*, "&$C9&", *",集計用!$AE:$AE,J$3) -> 5.6666667 | K9: =(SUMIFS(集計用!$AI:$AI, 集計用!$G:$G, "*, "&$C9&", *",集計用!$AE:$AE,K$3))/COUNTIFS(集計用!$G:$G, "*, "&$C9&", *",集計用!$AE:$AE,K$3) -> 6.4 | L9: =(SUMIFS(集計用!$AI:$AI, 集計用!$G:$G, "*, "&$C9&", *",集計用!$AE:$AE,L$3))/COUNTIFS(集計用!$G:$G, "*, "&$C9&", *",集計用!$AE:$AE,L$3) -> 5.5 | M9: =(SUMIFS(集計用!$AI:$AI, 集計用!$G:$G, "*, "&$C9&", *",集計用!$AE:$AE,"56-60")+SUMIFS(集計用!$AI:$AI, 集計用!$G:$G, "*, "&$C9&", *",集計用!$AE:$AE,"61-65"))/(COUNTIFS(集計用!$G:$G, "*, "&$C9&", *",集計用!$AE:$AE,"56-60")+COUNTIFS(集計用!$G:$G, "*, "&$C9&", *",集計用!$AE:$AE,"61-65")) -> 3.5 | N9: =(SUMIFS(集計用!$AI:$AI, 集計用!$G:$G, "*, "&$C9&", *",集計用!$AE:$AE,N$3))/COUNTIFS(集計用!$G:$G, "*, "&$C9&", *",集計用!$AE:$AE,N$3) -> #DIV/0!
A10: 4 | B10: =(COUNTIFS(集計用!$G:$G,"*, "&$C10&",*")) -> 75 | C10: （ジェンダー・）フルイド／（ジェンダー・）フリュイド／（ジェンダー・）フルイッド | D10: =SUMIFS(集計用!$AI:$AI,集計用!$G:$G,"*, "&$C10&", *")/テーブル3[[#This Row],[n=]] -> 7.6 | E10: =(SUMIFS(集計用!$AI:$AI,集計用!$AE:$AE,"11-15")+SUMIFS(集計用!$AI:$AI,集計用!$AE:$AE,"16-20"))/(COUNTIFS(集計用!$AE:$AE,"11-15")+COUNTIFS(集計用!$AE:$AE,"16-20")) -> 3.877551 | F10: =(SUMIFS(集計用!$AI:$AI, 集計用!$G:$G, "*, "&$C10&", *",集計用!$AE:$AE,F$3))/COUNTIFS(集計用!$G:$G, "*, "&$C10&", *",集計用!$AE:$AE,F$3) -> 7.8148148 | G10: =(SUMIFS(集計用!$AI:$AI, 集計用!$G:$G, "*, "&$C10&", *",集計用!$AE:$AE,G$3))/COUNTIFS(集計用!$G:$G, "*, "&$C10&", *",集計用!$AE:$AE,G$3) -> 4.9411765 | H10: =(SUMIFS(集計用!$AI:$AI, 集計用!$G:$G, "*, "&$C10&", *",集計用!$AE:$AE,H$3))/COUNTIFS(集計用!$G:$G, "*, "&$C10&", *",集計用!$AE:$AE,H$3) -> 9.125 | I10: =(SUMIFS(集計用!$AI:$AI, 集計用!$G:$G, "*, "&$C10&", *",集計用!$AE:$AE,I$3))/COUNTIFS(集計用!$G:$G, "*, "&$C10&", *",集計用!$AE:$AE,I$3) -> 11 | J10: =(SUMIFS(集計用!$AI:$AI, 集計用!$G:$G, "*, "&$C10&", *",集計用!$AE:$AE,J$3))/COUNTIFS(集計用!$G:$G, "*, "&$C10&", *",集計用!$AE:$AE,J$3) -> 8 | K10: =(SUMIFS(集計用!$AI:$AI, 集計用!$G:$G, "*, "&$C10&", *",集計用!$AE:$AE,K$3))/COUNTIFS(集計用!$G:$G, "*, "&$C10&", *",集計用!$AE:$AE,K$3) -> 3.5 | L10: =(SUMIFS(集計用!$AI:$AI, 集計用!$G:$G, "*, "&$C10&", *",集計用!$AE:$AE,L$3))/COUNTIFS(集計用!$G:$G, "*, "&$C10&", *",集計用!$AE:$AE,L$3) -> #DIV/0! | M10: =(SUMIFS(集計用!$AI:$AI, 集計用!$G:$G, "*, "&$C10&", *",集計用!$AE:$AE,"56-60")+SUMIFS(集計用!$AI:$AI, 集計用!$G:$G, "*, "&$C10&", *",集計用!$AE:$AE,"61-65"))/(COUNTIFS(集計用!$G:$G, "*, "&$C10&", *",集計用!$AE:$AE,"56-60")+COUNTIFS(集計用!$G:$G, "*, "&$C10&", *",集計用!$AE:$AE,"61-65")) -> 11.5 | N10: =(SUMIFS(集計用!$AI:$AI, 集計用!$G:$G, "*, "&$C10&", *",集計用!$AE:$AE,N$3))/COUNTIFS(集計用!$G:$G, "*, "&$C10&", *",集計用!$AE:$AE,N$3) -> #DIV/0!
A11: 1 | B11: =(COUNTIFS(集計用!$G:$G,"*, "&$C11&",*")) -> 74 | C11: ジェンダークィア | D11: =SUMIFS(集計用!$AI:$AI,集計用!$G:$G,"*, "&$C11&", *")/テーブル3[[#This Row],[n=]] -> 7.6351351 | E11: =(SUMIFS(集計用!$AI:$AI,集計用!$AE:$AE,"11-15")+SUMIFS(集計用!$AI:$AI,集計用!$AE:$AE,"16-20"))/(COUNTIFS(集計用!$AE:$AE,"11-15")+COUNTIFS(集計用!$AE:$AE,"16-20")) -> 3.877551 | F11: =(SUMIFS(集計用!$AI:$AI, 集計用!$G:$G, "*, "&$C11&", *",集計用!$AE:$AE,F$3))/COUNTIFS(集計用!$G:$G, "*, "&$C11&", *",集計用!$AE:$AE,F$3) -> 8.6296296 | G11: =(SUMIFS(集計用!$AI:$AI, 集計用!$G:$G, "*, "&$C11&", *",集計用!$AE:$AE,G$3))/COUNTIFS(集計用!$G:$G, "*, "&$C11&", *",集計用!$AE:$AE,G$3) -> 6.25 | H11: =(SUMIFS(集計用!$AI:$AI, 集計用!$G:$G, "*, "&$C11&", *",集計用!$AE:$AE,H$3))/COUNTIFS(集計用!$G:$G, "*, "&$C11&", *",集計用!$AE:$AE,H$3) -> 7.5454545 | I11: =(SUMIFS(集計用!$AI:$AI, 集計用!$G:$G, "*, "&$C11&", *",集計用!$AE:$AE,I$3))/COUNTIFS(集計用!$G:$G, "*, "&$C11&", *",集計用!$AE:$AE,I$3) -> 9.2 | J11: =(SUMIFS(集計用!$AI:$AI, 集計用!$G:$G, "*, "&$C11&", *",集計用!$AE:$AE,J$3))/COUNTIFS(集計用!$G:$G, "*, "&$C11&", *",集計用!$AE:$AE,J$3) -> 6.3333333 | K11: =(SUMIFS(集計用!$AI:$AI, 集計用!$G:$G, "*, "&$C11&", *",集計用!$AE:$AE,K$3))/COUNTIFS(集計用!$G:$G, "*, "&$C11&", *",集計用!$AE:$AE,K$3) -> 4.6666667 | L11: =(SUMIFS(集計用!$AI:$AI, 集計用!$G:$G, "*, "&$C11&", *",集計用!$AE:$AE,L$3))/COUNTIFS(集計用!$G:$G, "*, "&$C11&", *",集計用!$AE:$AE,L$3) -> #DIV/0! | M11: =(SUMIFS(集計用!$AI:$AI, 集計用!$G:$G, "*, "&$C11&", *",集計用!$AE:$AE,"56-60")+SUMIFS(集計用!$AI:$AI, 集計用!$G:$G, "*, "&$C11&", *",集計用!$AE:$AE,"61-65"))/(COUNTIFS(集計用!$G:$G, "*, "&$C11&", *",集計用!$AE:$AE,"56-60")+COUNTIFS(集計用!$G:$G, "*, "&$C11&", *",集計用!$AE:$AE,"61-65")) -> 7.8 | N11: =(SUMIFS(集計用!$AI:$AI, 集計用!$G:$G, "*, "&$C11&", *",集計用!$AE:$AE,N$3))/COUNTIFS(集計用!$G:$G, "*, "&$C11&", *",集計用!$AE:$AE,N$3) -> #DIV/0!
A12: 3 | B12: =(COUNTIFS(集計用!$G:$G,"*, "&$C12&",*")) -> 71 | C12: Aジェンダー／エイジェンダー／アジェンダー／agender | D12: =SUMIFS(集計用!$AI:$AI,集計用!$G:$G,"*, "&$C12&", *")/テーブル3[[#This Row],[n=]] -> 6.7746479 | E12: =(SUMIFS(集計用!$AI:$AI,集計用!$AE:$AE,"11-15")+SUMIFS(集計用!$AI:$AI,集計用!$AE:$AE,"16-20"))/(COUNTIFS(集計用!$AE:$AE,"11-15")+COUNTIFS(集計用!$AE:$AE,"16-20")) -> 3.877551 | F12: =(SUMIFS(集計用!$AI:$AI, 集計用!$G:$G, "*, "&$C12&", *",集計用!$AE:$AE,F$3))/COUNTIFS(集計用!$G:$G, "*, "&$C12&", *",集計用!$AE:$AE,F$3) -> 8.1 | G12: =(SUMIFS(集計用!$AI:$AI, 集計用!$G:$G, "*, "&$C12&", *",集計用!$AE:$AE,G$3))/COUNTIFS(集計用!$G:$G, "*, "&$C12&", *",集計用!$AE:$AE,G$3) -> 5.8666667 | H12: =(SUMIFS(集計用!$AI:$AI, 集計用!$G:$G, "*, "&$C12&", *",集計用!$AE:$AE,H$3))/COUNTIFS(集計用!$G:$G, "*, "&$C12&", *",集計用!$AE:$AE,H$3) -> 6.9230769 | I12: =(SUMIFS(集計用!$AI:$AI, 集計用!$G:$G, "*, "&$C12&", *",集計用!$AE:$AE,I$3))/COUNTIFS(集計用!$G:$G, "*, "&$C12&", *",集計用!$AE:$AE,I$3) -> 7.3333333 | J12: =(SUMIFS(集計用!$AI:$AI, 集計用!$G:$G, "*, "&$C12&", *",集計用!$AE:$AE,J$3))/COUNTIFS(集計用!$G:$G, "*, "&$C12&", *",集計用!$AE:$AE,J$3) -> 6 | K12: =(SUMIFS(集計用!$AI:$AI, 集計用!$G:$G, "*, "&$C12&", *",集計用!$AE:$AE,K$3))/COUNTIFS(集計用!$G:$G, "*, "&$C12&", *",集計用!$AE:$AE,K$3) -> 3 | L12: =(SUMIFS(集計用!$AI:$AI, 集計用!$G:$G, "*, "&$C12&", *",集計用!$AE:$AE,L$3))/COUNTIFS(集計用!$G:$G, "*, "&$C12&", *",集計用!$AE:$AE,L$3) -> 4.6666667 | M12: =(SUMIFS(集計用!$AI:$AI, 集計用!$G:$G, "*, "&$C12&", *",集計用!$AE:$AE,"56-60")+SUMIFS(集計用!$AI:$AI, 集計用!$G:$G, "*, "&$C12&", *",集計用!$AE:$AE,"61-65"))/(COUNTIFS(集計用!$G:$G, "*, "&$C12&", *",集計用!$AE:$AE,"56-60")+COUNTIFS(集計用!$G:$G, "*, "&$C12&", *",集計用!$AE:$AE,"61-65")) -> 18 | N12: =(SUMIFS(集計用!$AI:$AI, 集計用!$G:$G, "*, "&$C12&", *",集計用!$AE:$AE,N$3))/COUNTIFS(集計用!$G:$G, "*, "&$C12&", *",集計用!$AE:$AE,N$3) -> #DIV/0!
A13: 1 | B13: =(COUNTIFS(集計用!$G:$G,"*, "&$C13&",*")) -> 71 | C13: 不明／わからない | D13: =SUMIFS(集計用!$AI:$AI,集計用!$G:$G,"*, "&$C13&", *")/テーブル3[[#This Row],[n=]] -> 6.7183099 | E13: =(SUMIFS(集計用!$AI:$AI,集計用!$AE:$AE,"11-15")+SUMIFS(集計用!$AI:$AI,集計用!$AE:$AE,"16-20"))/(COUNTIFS(集計用!$AE:$AE,"11-15")+COUNTIFS(集計用!$AE:$AE,"16-20")) -> 3.877551 | F13: =(SUMIFS(集計用!$AI:$AI, 集計用!$G:$G, "*, "&$C13&", *",集計用!$AE:$AE,F$3))/COUNTIFS(集計用!$G:$G, "*, "&$C13&", *",集計用!$AE:$AE,F$3) -> 8.2727273 | G13: =(SUMIFS(集計用!$AI:$AI, 集計用!$G:$G, "*, "&$C13&", *",集計用!$AE:$AE,G$3))/COUNTIFS(集計用!$G:$G, "*, "&$C13&", *",集計用!$AE:$AE,G$3) -> 5.8235294 | H13: =(SUMIFS(集計用!$AI:$AI, 集計用!$G:$G, "*, "&$C13&", *",集計用!$AE:$AE,H$3))/COUNTIFS(集計用!$G:$G, "*, "&$C13&", *",集計用!$AE:$AE,H$3) -> 7.1428571 | I13: =(SUMIFS(集計用!$AI:$AI, 集計用!$G:$G, "*, "&$C13&", *",集計用!$AE:$AE,I$3))/COUNTIFS(集計用!$G:$G, "*, "&$C13&", *",集計用!$AE:$AE,I$3) -> 1.5 | J13: =(SUMIFS(集計用!$AI:$AI, 集計用!$G:$G, "*, "&$C13&", *",集計用!$AE:$AE,J$3))/COUNTIFS(集計用!$G:$G, "*, "&$C13&", *",集計用!$AE:$AE,J$3) -> 4 | K13: =(SUMIFS(集計用!$AI:$AI, 集計用!$G:$G, "*, "&$C13&", *",集計用!$AE:$AE,K$3))/COUNTIFS(集計用!$G:$G, "*, "&$C13&", *",集計用!$AE:$AE,K$3) -> 4.6666667 | L13: =(SUMIFS(集計用!$AI:$AI, 集計用!$G:$G, "*, "&$C13&", *",集計用!$AE:$AE,L$3))/COUNTIFS(集計用!$G:$G, "*, "&$C13&", *",集計用!$AE:$AE,L$3) -> 9 | M13: =(SUMIFS(集計用!$AI:$AI, 集計用!$G:$G, "*, "&$C13&", *",集計用!$AE:$AE,"56-60")+SUMIFS(集計用!$AI:$AI, 集計用!$G:$G, "*, "&$C13&", *",集計用!$AE:$AE,"61-65"))/(COUNTIFS(集計用!$G:$G, "*, "&$C13&", *",集計用!$AE:$AE,"56-60")+COUNTIFS(集計用!$G:$G, "*, "&$C13&", *",集計用!$AE:$AE,"61-65")) -> 8 | N13: =(SUMIFS(集計用!$AI:$AI, 集計用!$G:$G, "*, "&$C13&", *",集計用!$AE:$AE,N$3))/COUNTIFS(集計用!$G:$G, "*, "&$C13&", *",集計用!$AE:$AE,N$3) -> #DIV/0!
A14: 2 | B14: =(COUNTIFS(集計用!$G:$G,"*, "&$C14&",*")) -> 69 | C14: X | D14: =SUMIFS(集計用!$AI:$AI,集計用!$G:$G,"*, "&$C14&", *")/テーブル3[[#This Row],[n=]] -> 7.1449275 | E14: =(SUMIFS(集計用!$AI:$AI,集計用!$AE:$AE,"11-15")+SUMIFS(集計用!$AI:$AI,集計用!$AE:$AE,"16-20"))/(COUNTIFS(集計用!$AE:$AE,"11-15")+COUNTIFS(集計用!$AE:$AE,"16-20")) -> 3.877551 | F14: =(SUMIFS(集計用!$AI:$AI, 集計用!$G:$G, "*, "&$C14&", *",集計用!$AE:$AE,F$3))/COUNTIFS(集計用!$G:$G, "*, "&$C14&", *",集計用!$AE:$AE,F$3) -> 9.625 | G14: =(SUMIFS(集計用!$AI:$AI, 集計用!$G:$G, "*, "&$C14&", *",集計用!$AE:$AE,G$3))/COUNTIFS(集計用!$G:$G, "*, "&$C14&", *",集計用!$AE:$AE,G$3) -> 6.3125 | H14: =(SUMIFS(集計用!$AI:$AI, 集計用!$G:$G, "*, "&$C14&", *",集計用!$AE:$AE,H$3))/COUNTIFS(集計用!$G:$G, "*, "&$C14&", *",集計用!$AE:$AE,H$3) -> 6.1538462 | I14: =(SUMIFS(集計用!$AI:$AI, 集計用!$G:$G, "*, "&$C14&", *",集計用!$AE:$AE,I$3))/COUNTIFS(集計用!$G:$G, "*, "&$C14&", *",集計用!$AE:$AE,I$3) -> 7.5 | J14: =(SUMIFS(集計用!$AI:$AI, 集計用!$G:$G, "*, "&$C14&", *",集計用!$AE:$AE,J$3))/COUNTIFS(集計用!$G:$G, "*, "&$C14&", *",集計用!$AE:$AE,J$3) -> 6 | K14: =(SUMIFS(集計用!$AI:$AI, 集計用!$G:$G, "*, "&$C14&", *",集計用!$AE:$AE,K$3))/COUNTIFS(集計用!$G:$G, "*, "&$C14&", *",集計用!$AE:$AE,K$3) -> 7 | L14: =(SUMIFS(集計用!$AI:$AI, 集計用!$G:$G, "*, "&$C14&", *",集計用!$AE:$AE,L$3))/COUNTIFS(集計用!$G:$G, "*, "&$C14&", *",集計用!$AE:$AE,L$3) -> #DIV/0! | M14: =(SUMIFS(集計用!$AI:$AI, 集計用!$G:$G, "*, "&$C14&", *",集計用!$AE:$AE,"56-60")+SUMIFS(集計用!$AI:$AI, 集計用!$G:$G, "*, "&$C14&", *",集計用!$AE:$AE,"61-65"))/(COUNTIFS(集計用!$G:$G, "*, "&$C14&", *",集計用!$AE:$AE,"56-60")+COUNTIFS(集計用!$G:$G, "*, "&$C14&", *",集計用!$AE:$AE,"61-65")) -> 12.5 | N14: =(SUMIFS(集計用!$AI:$AI, 集計用!$G:$G, "*, "&$C14&", *",集計用!$AE:$AE,N$3))/COUNTIFS(集計用!$G:$G, "*, "&$C14&", *",集計用!$AE:$AE,N$3) -> 1
A15: 5 | B15: =(COUNTIFS(集計用!$G:$G,"*, "&$C15&",*")) -> 60 | C15: トランスジェンダー | D15: =SUMIFS(集計用!$AI:$AI,集計用!$G:$G,"*, "&$C15&", *")/テーブル3[[#This Row],[n=]] -> 8.1833333 | E15: =(SUMIFS(集計用!$AI:$AI,集計用!$AE:$AE,"11-15")+SUMIFS(集計用!$AI:$AI,集計用!$AE:$AE,"16-20"))/(COUNTIFS(集計用!$AE:$AE,"11-15")+COUNTIFS(集計用!$AE:$AE,"16-20")) -> 3.877551 | F15: =(SUMIFS(集計用!$AI:$AI, 集計用!$G:$G, "*, "&$C15&", *",集計用!$AE:$AE,F$3))/COUNTIFS(集計用!$G:$G, "*, "&$C15&", *",集計用!$AE:$AE,F$3) -> 11.153846 | G15: =(SUMIFS(集計用!$AI:$AI, 集計用!$G:$G, "*, "&$C15&", *",集計用!$AE:$AE,G$3))/COUNTIFS(集計用!$G:$G, "*, "&$C15&", *",集計用!$AE:$AE,G$3) -> 5.9333333 | H15: =(SUMIFS(集計用!$AI:$AI, 集計用!$G:$G, "*, "&$C15&", *",集計用!$AE:$AE,H$3))/COUNTIFS(集計用!$G:$G, "*, "&$C15&", *",集計用!$AE:$AE,H$3) -> 7.3333333 | I15: =(SUMIFS(集計用!$AI:$AI, 集計用!$G:$G, "*, "&$C15&", *",集計用!$AE:$AE,I$3))/COUNTIFS(集計用!$G:$G, "*, "&$C15&", *",集計用!$AE:$AE,I$3) -> 7.5 | J15: =(SUMIFS(集計用!$AI:$AI, 集計用!$G:$G, "*, "&$C15&", *",集計用!$AE:$AE,J$3))/COUNTIFS(集計用!$G:$G, "*, "&$C15&", *",集計用!$AE:$AE,J$3) -> 7 | K15: =(SUMIFS(集計用!$AI:$AI, 集計用!$G:$G, "*, "&$C15&", *",集計用!$AE:$AE,K$3))/COUNTIFS(集計用!$G:$G, "*, "&$C15&", *",集計用!$AE:$AE,K$3) -> 7 | L15: =(SUMIFS(集計用!$AI:$AI, 集計用!$G:$G, "*, "&$C15&", *",集計用!$AE:$AE,L$3))/COUNTIFS(集計用!$G:$G, "*, "&$C15&", *",集計用!$AE:$AE,L$3) -> 7.5 | M15: =(SUMIFS(集計用!$AI:$AI, 集計用!$G:$G, "*, "&$C15&", *",集計用!$AE:$AE,"56-60")+SUMIFS(集計用!$AI:$AI, 集計用!$G:$G, "*, "&$C15&", *",集計用!$AE:$AE,"61-65"))/(COUNTIFS(集計用!$G:$G, "*, "&$C15&", *",集計用!$AE:$AE,"56-60")+COUNTIFS(集計用!$G:$G, "*, "&$C15&", *",集計用!$AE:$AE,"61-65")) -> 10.75 | N15: =(SUMIFS(集計用!$AI:$AI, 集計用!$G:$G, "*, "&$C15&", *",集計用!$AE:$AE,N$3))/COUNTIFS(集計用!$G:$G, "*, "&$C15&", *",集計用!$AE:$AE,N$3) -> #DIV/0!
A16: 2 | B16: =(COUNTIFS(集計用!$G:$G,"*, "&$C16&",*")) -> 60 | C16: 中性 | D16: =SUMIFS(集計用!$AI:$AI,集計用!$G:$G,"*, "&$C16&", *")/テーブル3[[#This Row],[n=]] -> 7.1333333 | E16: =(SUMIFS(集計用!$AI:$AI,集計用!$AE:$AE,"11-15")+SUMIFS(集計用!$AI:$AI,集計用!$AE:$AE,"16-20"))/(COUNTIFS(集計用!$AE:$AE,"11-15")+COUNTIFS(集計用!$AE:$AE,"16-20")) -> 3.877551 | F16: =(SUMIFS(集計用!$AI:$AI, 集計用!$G:$G, "*, "&$C16&", *",集計用!$AE:$AE,F$3))/COUNTIFS(集計用!$G:$G, "*, "&$C16&", *",集計用!$AE:$AE,F$3) -> 9.6923077 | G16: =(SUMIFS(集計用!$AI:$AI, 集計用!$G:$G, "*, "&$C16&", *",集計用!$AE:$AE,G$3))/COUNTIFS(集計用!$G:$G, "*, "&$C16&", *",集計用!$AE:$AE,G$3) -> 5.4 | H16: =(SUMIFS(集計用!$AI:$AI, 集計用!$G:$G, "*, "&$C16&", *",集計用!$AE:$AE,H$3))/COUNTIFS(集計用!$G:$G, "*, "&$C16&", *",集計用!$AE:$AE,H$3) -> 9.3333333 | I16: =(SUMIFS(集計用!$AI:$AI, 集計用!$G:$G, "*, "&$C16&", *",集計用!$AE:$AE,I$3))/COUNTIFS(集計用!$G:$G, "*, "&$C16&", *",集計用!$AE:$AE,I$3) -> 5.4 | J16: =(SUMIFS(集計用!$AI:$AI, 集計用!$G:$G, "*, "&$C16&", *",集計用!$AE:$AE,J$3))/COUNTIFS(集計用!$G:$G, "*, "&$C16&", *",集計用!$AE:$AE,J$3) -> 5.5 | K16: =(SUMIFS(集計用!$AI:$AI, 集計用!$G:$G, "*, "&$C16&", *",集計用!$AE:$AE,K$3))/COUNTIFS(集計用!$G:$G, "*, "&$C16&", *",集計用!$AE:$AE,K$3) -> 5 | L16: =(SUMIFS(集計用!$AI:$AI, 集計用!$G:$G, "*, "&$C16&", *",集計用!$AE:$AE,L$3))/COUNTIFS(集計用!$G:$G, "*, "&$C16&", *",集計用!$AE:$AE,L$3) -> #DIV/0! | M16: =(SUMIFS(集計用!$AI:$AI, 集計用!$G:$G, "*, "&$C16&", *",集計用!$AE:$AE,"56-60")+SUMIFS(集計用!$AI:$AI, 集計用!$G:$G, "*, "&$C16&", *",集計用!$AE:$AE,"61-65"))/(COUNTIFS(集計用!$G:$G, "*, "&$C16&", *",集計用!$AE:$AE,"56-60")+COUNTIFS(集計用!$G:$G, "*, "&$C16&", *",集計用!$AE:$AE,"61-65")) -> 11 | N16: =(SUMIFS(集計用!$AI:$AI, 集計用!$G:$G, "*, "&$C16&", *",集計用!$AE:$AE,N$3))/COUNTIFS(集計用!$G:$G, "*, "&$C16&", *",集計用!$AE:$AE,N$3) -> #DIV/0!
... A56: 4 | B56: =(COUNTIFS(集計用!$G:$G,"*, "&$C56&",*")) -> 5 | C56: アンドロジャイン／androgyne | D56: =SUMIFS(集計用!$AI:$AI,集計用!$G:$G,"*, "&$C56&", *")/テーブル3[[#This Row],[n=]] -> 17.8 | E56: =(SUMIFS(集計用!$AI:$AI,集計用!$AE:$AE,"11-15")+SUMIFS(集計用!$AI:$AI,集計用!$AE:$AE,"16-20"))/(COUNTIFS(集計用!$AE:$AE,"11-15")+COUNTIFS(集計用!$AE:$AE,"16-20")) -> 3.877551 | F56: =(SUMIFS(集計用!$AI:$AI, 集計用!$G:$G, "*, "&$C56&", *",集計用!$AE:$AE,F$3))/COUNTIFS(集計用!$G:$G, "*, "&$C56&", *",集計用!$AE:$AE,F$3) -> 56 | G56: =(SUMIFS(集計用!$AI:$AI, 集計用!$G:$G, "*, "&$C56&", *",集計用!$AE:$AE,G$3))/COUNTIFS(集計用!$G:$G, "*, "&$C56&", *",集計用!$AE:$AE,G$3) -> #DIV/0! | H56: =(SUMIFS(集計用!$AI:$AI, 集計用!$G:$G, "*, "&$C56&", *",集計用!$AE:$AE,H$3))/COUNTIFS(集計用!$G:$G, "*, "&$C56&", *",集計用!$AE:$AE,H$3) -> 17 | I56: =(SUMIFS(集計用!$AI:$AI, 集計用!$G:$G, "*, "&$C56&", *",集計用!$AE:$AE,I$3))/COUNTIFS(集計用!$G:$G, "*, "&$C56&", *",集計用!$AE:$AE,I$3) -> 2.5 | J56: =(SUMIFS(集計用!$AI:$AI, 集計用!$G:$G, "*, "&$C56&", *",集計用!$AE:$AE,J$3))/COUNTIFS(集計用!$G:$G, "*, "&$C56&", *",集計用!$AE:$AE,J$3) -> #DIV/0! | K56: =(SUMIFS(集計用!$AI:$AI, 集計用!$G:$G, "*, "&$C56&", *",集計用!$AE:$AE,K$3))/COUNTIFS(集計用!$G:$G, "*, "&$C56&", *",集計用!$AE:$AE,K$3) -> #DIV/0! | L56: =(SUMIFS(集計用!$AI:$AI, 集計用!$G:$G, "*, "&$C56&", *",集計用!$AE:$AE,L$3))/COUNTIFS(集計用!$G:$G, "*, "&$C56&", *",集計用!$AE:$AE,L$3) -> #DIV/0! | M56: =(SUMIFS(集計用!$AI:$AI, 集計用!$G:$G, "*, "&$C56&", *",集計用!$AE:$AE,"56-60")+SUMIFS(集計用!$AI:$AI, 集計用!$G:$G, "*, "&$C56&", *",集計用!$AE:$AE,"61-65"))/(COUNTIFS(集計用!$G:$G, "*, "&$C56&", *",集計用!$AE:$AE,"56-60")+COUNTIFS(集計用!$G:$G, "*, "&$C56&", *",集計用!$AE:$AE,"61-65")) -> #DIV/0! | N56: =(SUMIFS(集計用!$AI:$AI, 集計用!$G:$G, "*, "&$C56&", *",集計用!$AE:$AE,N$3))/COUNTIFS(集計用!$G:$G, "*, "&$C56&", *",集計用!$AE:$AE,N$3) -> #DIV/0!
A57: NA | B57: =(COUNTIFS(集計用!$G:$G,"*, "&$C57&",*")) -> 4 | C57: ダイク／dyke | D57: =SUMIFS(集計用!$AI:$AI,集計用!$G:$G,"*, "&$C57&", *")/テーブル3[[#This Row],[n=]] -> 18 | E57: =(SUMIFS(集計用!$AI:$AI,集計用!$AE:$AE,"11-15")+SUMIFS(集計用!$AI:$AI,集計用!$AE:$AE,"16-20"))/(COUNTIFS(集計用!$AE:$AE,"11-15")+COUNTIFS(集計用!$AE:$AE,"16-20")) -> 3.877551 | F57: =(SUMIFS(集計用!$AI:$AI, 集計用!$G:$G, "*, "&$C57&", *",集計用!$AE:$AE,F$3))/COUNTIFS(集計用!$G:$G, "*, "&$C57&", *",集計用!$AE:$AE,F$3) -> 31.5 | G57: =(SUMIFS(集計用!$AI:$AI, 集計用!$G:$G, "*, "&$C57&", *",集計用!$AE:$AE,G$3))/COUNTIFS(集計用!$G:$G, "*, "&$C57&", *",集計用!$AE:$AE,G$3) -> #DIV/0! | H57: =(SUMIFS(集計用!$AI:$AI, 集計用!$G:$G, "*, "&$C57&", *",集計用!$AE:$AE,H$3))/COUNTIFS(集計用!$G:$G, "*, "&$C57&", *",集計用!$AE:$AE,H$3) -> #DIV/0! | I57: =(SUMIFS(集計用!$AI:$AI, 集計用!$G:$G, "*, "&$C57&", *",集計用!$AE:$AE,I$3))/COUNTIFS(集計用!$G:$G, "*, "&$C57&", *",集計用!$AE:$AE,I$3) -> #DIV/0! | J57: =(SUMIFS(集計用!$AI:$AI, 集計用!$G:$G, "*, "&$C57&", *",集計用!$AE:$AE,J$3))/COUNTIFS(集計用!$G:$G, "*, "&$C57&", *",集計用!$AE:$AE,J$3) -> #DIV/0! | K57: =(SUMIFS(集計用!$AI:$AI, 集計用!$G:$G, "*, "&$C57&", *",集計用!$AE:$AE,K$3))/COUNTIFS(集計用!$G:$G, "*, "&$C57&", *",集計用!$AE:$AE,K$3) -> 6 | L57: =(SUMIFS(集計用!$AI:$AI, 集計用!$G:$G, "*, "&$C57&", *",集計用!$AE:$AE,L$3))/COUNTIFS(集計用!$G:$G, "*, "&$C57&", *",集計用!$AE:$AE,L$3) -> #DIV/0! | M57: =(SUMIFS(集計用!$AI:$AI, 集計用!$G:$G, "*, "&$C57&", *",集計用!$AE:$AE,"56-60")+SUMIFS(集計用!$AI:$AI, 集計用!$G:$G, "*, "&$C57&", *",集計用!$AE:$AE,"61-65"))/(COUNTIFS(集計用!$G:$G, "*, "&$C57&", *",集計用!$AE:$AE,"56-60")+COUNTIFS(集計用!$G:$G, "*, "&$C57&", *",集計用!$AE:$AE,"61-65")) -> #DIV/0! | N57: =(SUMIFS(集計用!$AI:$AI, 集計用!$G:$G, "*, "&$C57&", *",集計用!$AE:$AE,N$3))/COUNTIFS(集計用!$G:$G, "*, "&$C57&", *",集計用!$AE:$AE,N$3) -> #DIV/0!
A58: NA | B58: =(COUNTIFS(集計用!$G:$G,"*, "&$C58&",*")) -> 4 | C58: ブッチ／butch | D58: =SUMIFS(集計用!$AI:$AI,集計用!$G:$G,"*, "&$C58&", *")/テーブル3[[#This Row],[n=]] -> 18 | E58: =(SUMIFS(集計用!$AI:$AI,集計用!$AE:$AE,"11-15")+SUMIFS(集計用!$AI:$AI,集計用!$AE:$AE,"16-20"))/(COUNTIFS(集計用!$AE:$AE,"11-15")+COUNTIFS(集計用!$AE:$AE,"16-20")) -> 3.877551 | F58: =(SUMIFS(集計用!$AI:$AI, 集計用!$G:$G, "*, "&$C58&", *",集計用!$AE:$AE,F$3))/COUNTIFS(集計用!$G:$G, "*, "&$C58&", *",集計用!$AE:$AE,F$3) -> 23 | G58: =(SUMIFS(集計用!$AI:$AI, 集計用!$G:$G, "*, "&$C58&", *",集計用!$AE:$AE,G$3))/COUNTIFS(集計用!$G:$G, "*, "&$C58&", *",集計用!$AE:$AE,G$3) -> #DIV/0! | H58: =(SUMIFS(集計用!$AI:$AI, 集計用!$G:$G, "*, "&$C58&", *",集計用!$AE:$AE,H$3))/COUNTIFS(集計用!$G:$G, "*, "&$C58&", *",集計用!$AE:$AE,H$3) -> #DIV/0! | I58: =(SUMIFS(集計用!$AI:$AI, 集計用!$G:$G, "*, "&$C58&", *",集計用!$AE:$AE,I$3))/COUNTIFS(集計用!$G:$G, "*, "&$C58&", *",集計用!$AE:$AE,I$3) -> #DIV/0! | J58: =(SUMIFS(集計用!$AI:$AI, 集計用!$G:$G, "*, "&$C58&", *",集計用!$AE:$AE,J$3))/COUNTIFS(集計用!$G:$G, "*, "&$C58&", *",集計用!$AE:$AE,J$3) -> #DIV/0! | K58: =(SUMIFS(集計用!$AI:$AI, 集計用!$G:$G, "*, "&$C58&", *",集計用!$AE:$AE,K$3))/COUNTIFS(集計用!$G:$G, "*, "&$C58&", *",集計用!$AE:$AE,K$3) -> #DIV/0! | L58: =(SUMIFS(集計用!$AI:$AI, 集計用!$G:$G, "*, "&$C58&", *",集計用!$AE:$AE,L$3))/COUNTIFS(集計用!$G:$G, "*, "&$C58&", *",集計用!$AE:$AE,L$3) -> #DIV/0! | M58: =(SUMIFS(集計用!$AI:$AI, 集計用!$G:$G, "*, "&$C58&", *",集計用!$AE:$AE,"56-60")+SUMIFS(集計用!$AI:$AI, 集計用!$G:$G, "*, "&$C58&", *",集計用!$AE:$AE,"61-65"))/(COUNTIFS(集計用!$G:$G, "*, "&$C58&", *",集計用!$AE:$AE,"56-60")+COUNTIFS(集計用!$G:$G, "*, "&$C58&", *",集計用!$AE:$AE,"61-65")) -> #DIV/0! | N58: =(SUMIFS(集計用!$AI:$AI, 集計用!$G:$G, "*, "&$C58&", *",集計用!$AE:$AE,N$3))/COUNTIFS(集計用!$G:$G, "*, "&$C58&", *",集計用!$AE:$AE,N$3) -> #DIV/0!
A59: NA | B59: =(COUNTIFS(集計用!$G:$G,"*, "&$C59&",*")) -> 3 | C59: おかま | D59: =SUMIFS(集計用!$AI:$AI,集計用!$G:$G,"*, "&$C59&", *")/テーブル3[[#This Row],[n=]] -> 22.333333 | E59: =(SUMIFS(集計用!$AI:$AI,集計用!$AE:$AE,"11-15")+SUMIFS(集計用!$AI:$AI,集計用!$AE:$AE,"16-20"))/(COUNTIFS(集計用!$AE:$AE,"11-15")+COUNTIFS(集計用!$AE:$AE,"16-20")) -> 3.877551 | F59: =(SUMIFS(集計用!$AI:$AI, 集計用!$G:$G, "*, "&$C59&", *",集計用!$AE:$AE,F$3))/COUNTIFS(集計用!$G:$G, "*, "&$C59&", *",集計用!$AE:$AE,F$3) -> 56 | G59: =(SUMIFS(集計用!$AI:$AI, 集計用!$G:$G, "*, "&$C59&", *",集計用!$AE:$AE,G$3))/COUNTIFS(集計用!$G:$G, "*, "&$C59&", *",集計用!$AE:$AE,G$3) -> 9 | H59: =(SUMIFS(集計用!$AI:$AI, 集計用!$G:$G, "*, "&$C59&", *",集計用!$AE:$AE,H$3))/COUNTIFS(集計用!$G:$G, "*, "&$C59&", *",集計用!$AE:$AE,H$3) -> #DIV/0! | I59: =(SUMIFS(集計用!$AI:$AI, 集計用!$G:$G, "*, "&$C59&", *",集計用!$AE:$AE,I$3))/COUNTIFS(集計用!$G:$G, "*, "&$C59&", *",集計用!$AE:$AE,I$3) -> 2 | J59: =(SUMIFS(集計用!$AI:$AI, 集計用!$G:$G, "*, "&$C59&", *",集計用!$AE:$AE,J$3))/COUNTIFS(集計用!$G:$G, "*, "&$C59&", *",集計用!$AE:$AE,J$3) -> #DIV/0! | K59: =(SUMIFS(集計用!$AI:$AI, 集計用!$G:$G, "*, "&$C59&", *",集計用!$AE:$AE,K$3))/COUNTIFS(集計用!$G:$G, "*, "&$C59&", *",集計用!$AE:$AE,K$3) -> #DIV/0! | L59: =(SUMIFS(集計用!$AI:$AI, 集計用!$G:$G, "*, "&$C59&", *",集計用!$AE:$AE,L$3))/COUNTIFS(集計用!$G:$G, "*, "&$C59&", *",集計用!$AE:$AE,L$3) -> #DIV/0! | M59: =(SUMIFS(集計用!$AI:$AI, 集計用!$G:$G, "*, "&$C59&", *",集計用!$AE:$AE,"56-60")+SUMIFS(集計用!$AI:$AI, 集計用!$G:$G, "*, "&$C59&", *",集計用!$AE:$AE,"61-65"))/(COUNTIFS(集計用!$G:$G, "*, "&$C59&", *",集計用!$AE:$AE,"56-60")+COUNTIFS(集計用!$G:$G, "*, "&$C59&", *",集計用!$AE:$AE,"61-65")) -> #DIV/0! | N59: =(SUMIFS(集計用!$AI:$AI, 集計用!$G:$G, "*, "&$C59&", *",集計用!$AE:$AE,N$3))/COUNTIFS(集計用!$G:$G, "*, "&$C59&", *",集計用!$AE:$AE,N$3) -> #DIV/0!
A60: NA | B60: =(COUNTIFS(集計用!$G:$G,"*, "&$C60&",*")) -> 2 | C60: ニューハーフ | D60: =SUMIFS(集計用!$AI:$AI,集計用!$G:$G,"*, "&$C60&", *")/テーブル3[[#This Row],[n=]] -> 34 | E60: =(SUMIFS(集計用!$AI:$AI,集計用!$AE:$AE,"11-15")+SUMIFS(集計用!$AI:$AI,集計用!$AE:$AE,"16-20"))/(COUNTIFS(集計用!$AE:$AE,"11-15")+COUNTIFS(集計用!$AE:$AE,"16-20")) -> 3.877551 | F60: =(SUMIFS(集計用!$AI:$AI, 集計用!$G:$G, "*, "&$C60&", *",集計用!$AE:$AE,F$3))/COUNTIFS(集計用!$G:$G, "*, "&$C60&", *",集計用!$AE:$AE,F$3) -> 56 | G60: =(SUMIFS(集計用!$AI:$AI, 集計用!$G:$G, "*, "&$C60&", *",集計用!$AE:$AE,G$3))/COUNTIFS(集計用!$G:$G, "*, "&$C60&", *",集計用!$AE:$AE,G$3) -> #DIV/0! | H60: =(SUMIFS(集計用!$AI:$AI, 集計用!$G:$G, "*, "&$C60&", *",集計用!$AE:$AE,H$3))/COUNTIFS(集計用!$G:$G, "*, "&$C60&", *",集計用!$AE:$AE,H$3) -> #DIV/0! | I60: =(SUMIFS(集計用!$AI:$AI, 集計用!$G:$G, "*, "&$C60&", *",集計用!$AE:$AE,I$3))/COUNTIFS(集計用!$G:$G, "*, "&$C60&", *",集計用!$AE:$AE,I$3) -> #DIV/0! | J60: =(SUMIFS(集計用!$AI:$AI, 集計用!$G:$G, "*, "&$C60&", *",集計用!$AE:$AE,J$3))/COUNTIFS(集計用!$G:$G, "*, "&$C60&", *",集計用!$AE:$AE,J$3) -> #DIV/0! | K60: =(SUMIFS(集計用!$AI:$AI, 集計用!$G:$G, "*, "&$C60&", *",集計用!$AE:$AE,K$3))/COUNTIFS(集計用!$G:$G, "*, "&$C60&", *",集計用!$AE:$AE,K$3) -> 12 | L60: =(SUMIFS(集計用!$AI:$AI, 集計用!$G:$G, "*, "&$C60&", *",集計用!$AE:$AE,L$3))/COUNTIFS(集計用!$G:$G, "*, "&$C60&", *",集計用!$AE:$AE,L$3) -> #DIV/0! | M60: =(SUMIFS(集計用!$AI:$AI, 集計用!$G:$G, "*, "&$C60&", *",集計用!$AE:$AE,"56-60")+SUMIFS(集計用!$AI:$AI, 集計用!$G:$G, "*, "&$C60&", *",集計用!$AE:$AE,"61-65"))/(COUNTIFS(集計用!$G:$G, "*, "&$C60&", *",集計用!$AE:$AE,"56-60")+COUNTIFS(集計用!$G:$G, "*, "&$C60&", *",集計用!$AE:$AE,"61-65")) -> #DIV/0! | N60: =(SUMIFS(集計用!$AI:$AI, 集計用!$G:$G, "*, "&$C60&", *",集計用!$AE:$AE,N$3))/COUNTIFS(集計用!$G:$G, "*, "&$C60&", *",集計用!$AE:$AE,N$3) -> #DIV/0!
A61: NA | B61: =(COUNTIFS(集計用!$G:$G,"*, "&$C61&",*")) -> 1 | C61: おなべ | D61: =SUMIFS(集計用!$AI:$AI,集計用!$G:$G,"*, "&$C61&", *")/テーブル3[[#This Row],[n=]] -> 8 | E61: =(SUMIFS(集計用!$AI:$AI,集計用!$AE:$AE,"11-15")+SUMIFS(集計用!$AI:$AI,集計用!$AE:$AE,"16-20"))/(COUNTIFS(集計用!$AE:$AE,"11-15")+COUNTIFS(集計用!$AE:$AE,"16-20")) -> 3.877551 | F61: =(SUMIFS(集計用!$AI:$AI, 集計用!$G:$G, "*, "&$C61&", *",集計用!$AE:$AE,F$3))/COUNTIFS(集計用!$G:$G, "*, "&$C61&", *",集計用!$AE:$AE,F$3) -> #DIV/0! | G61: =(SUMIFS(集計用!$AI:$AI, 集計用!$G:$G, "*, "&$C61&", *",集計用!$AE:$AE,G$3))/COUNTIFS(集計用!$G:$G, "*, "&$C61&", *",集計用!$AE:$AE,G$3) -> 8 | H61: =(SUMIFS(集計用!$AI:$AI, 集計用!$G:$G, "*, "&$C61&", *",集計用!$AE:$AE,H$3))/COUNTIFS(集計用!$G:$G, "*, "&$C61&", *",集計用!$AE:$AE,H$3) -> #DIV/0! | I61: =(SUMIFS(集計用!$AI:$AI, 集計用!$G:$G, "*, "&$C61&", *",集計用!$AE:$AE,I$3))/COUNTIFS(集計用!$G:$G, "*, "&$C61&", *",集計用!$AE:$AE,I$3) -> #DIV/0! | J61: =(SUMIFS(集計用!$AI:$AI, 集計用!$G:$G, "*, "&$C61&", *",集計用!$AE:$AE,J$3))/COUNTIFS(集計用!$G:$G, "*, "&$C61&", *",集計用!$AE:$AE,J$3) -> #DIV/0! | K61: =(SUMIFS(集計用!$AI:$AI, 集計用!$G:$G, "*, "&$C61&", *",集計用!$AE:$AE,K$3))/COUNTIFS(集計用!$G:$G, "*, "&$C61&", *",集計用!$AE:$AE,K$3) -> #DIV/0! | L61: =(SUMIFS(集計用!$AI:$AI, 集計用!$G:$G, "*, "&$C61&", *",集計用!$AE:$AE,L$3))/COUNTIFS(集計用!$G:$G, "*, "&$C61&", *",集計用!$AE:$AE,L$3) -> #DIV/0! | M61: =(SUMIFS(集計用!$AI:$AI, 集計用!$G:$G, "*, "&$C61&", *",集計用!$AE:$AE,"56-60")+SUMIFS(集計用!$AI:$AI, 集計用!$G:$G, "*, "&$C61&", *",集計用!$AE:$AE,"61-65"))/(COUNTIFS(集計用!$G:$G, "*, "&$C61&", *",集計用!$AE:$AE,"56-60")+COUNTIFS(集計用!$G:$G, "*, "&$C61&", *",集計用!$AE:$AE,"61-65")) -> #DIV/0! | N61: =(SUMIFS(集計用!$AI:$AI, 集計用!$G:$G, "*, "&$C61&", *",集計用!$AE:$AE,N$3))/COUNTIFS(集計用!$G:$G, "*, "&$C61&", *",集計用!$AE:$AE,N$3) -> #DIV/0!

Sheet A4a.ジェンダーと一人称(選択式)
A1: 表A4a：ジェンダー・ラベルごとの日本語一人称（選択式、%）
C3: n | D3: =COUNTIFS(集計用!$Q:$Q, "*, "&D$4&", *") -> 305 | E3: =COUNTIFS(集計用!$Q:$Q, "*, "&E$4&", *") -> 227 | F3: =COUNTIFS(集計用!$Q:$Q, "*, "&F$4&", *") -> 209 | G3: =COUNTIFS(集計用!$Q:$Q, "*, "&G$4&", *") -> 114 | H3: =COUNTIFS(集計用!$Q:$Q, "*, "&H$4&", *") -> 98 | I3: =COUNTIFS(集計用!$Q:$Q, "*, "&I$4&", *") -> 96 | J3: =COUNTIFS(集計用!$Q:$Q, "*, "&J$4&", *") -> 79 | K3: =COUNTIFS(集計用!$Q:$Q, "*, "&K$4&", *") -> 73 | ... T3: =COUNTIFS(集計用!$Q:$Q, "*, "&T$4&", *") -> 8 | V3: =COUNTIFS(集計用!$P:$P, "*"&V$4&",*") -> 7 | W3: =COUNTIFS(集計用!$P:$P, "*"&W$4&",*") -> 7 | X3: =COUNTIFS(集計用!$P:$P, "*"&X$4&",*") -> 5 | Y3: =COUNTIFS(集計用!$P:$P, "*"&Y$4&",*") -> 5 | Z3: =COUNTIFS(集計用!$P:$P, "*"&Z$4&",*") -> 4 | AA3: =COUNTIFS(集計用!$P:$P, "*"&AA$4&",*") -> 3 | AB3: =COUNTIFS(集計用!$P:$P, "*"&AB$4&",*") -> 3 | AC3: =COUNTIFS(集計用!$P:$P, "*"&AC$4&",*") -> 3 | ... BT3: =COUNTIFS(集計用!$P:$P, "*"&BT$4&",*") -> 1
A4: cluster | B4: n= | C4: ジェンダー・ラベル | D4: 私（わたし／わたくし） | E4: 自分 | F4: わたし | G4: 俺 | H4: （時とともに変わる） | I4: 僕 | J4: （自分（たち）の名前） | K4: ぼく | L4: おれ | M4: うち | N4: （一人称の使用を避ける） | O4: わし | P4: あたし | Q4: わたくし | R4: （クエスチョニング、模索中、または不明） | S4: （any／問わない／どれでもよい） | T4: おら | V4: ワイ | W4: わい | X4: 我 | Y4: あだ名 | Z4: あーし | AA4: おいら | AB4: われ | AC4: (あだ名)+ちゃん | AD4: わっち | AE4: あたい | AF4: 自分 | AG4: 当方 | AH4: 納得のいく代名詞はない | AI4: (あだ名)+ちゃん | AJ4: ●●ちゃん | AK4: あーし2 | AL4: あてくし | AM4: おのれ | AN4: じぶん | AO4: それがし | AP4: ぼくちゃん | AQ4: ミー(me) | AR4: わたくしさま | AS4: わてくし | AT4: 拙者 | AU4: 苗字 | AV4: 某 | AW4: (あだ名)+くん | AX4: (名前)+さん | AY4: (名前)+ちゃん | AZ4: アタクシ | BA4: ゥチ | BB4: うら（山梨県の一人称／男女の区別無し） | BC4: オレ | BD4: おれ（方言の文脈で） | BE4: おれちゃん | BF4: こっち | BG4: この人 | BH4: ぼく | BI4: ボク | BJ4: みー | BK4: 俺ちゃん | BL4: 己 | BM4: 私 | BN4: 苗字 | BO4: 余 | BP4: 儂 | BQ4: あたし | BR4: おじさん | BS4: 朕 | BT4: わし
A5: 0 | B5: =(COUNTA(集計用!$Q:$Q)-1)-COUNTIF(集計用!$K:$K, "無回答") -> 443 | C5: 全回答者 | D5: =COUNTIFS(集計用!$O:$O, "*, "&D$4&", *")/$B5*100 -> 68.848758 | E5: =COUNTIFS(集計用!$O:$O, "*, "&E$4&", *")/$B5*100 -> 51.015801 | F5: =COUNTIFS(集計用!$O:$O, "*, "&F$4&", *")/$B5*100 -> 47.17833 | G5: =COUNTIFS(集計用!$O:$O, "*, "&G$4&", *")/$B5*100 -> 25.733634 | H5: =COUNTIFS(集計用!$O:$O, "*, "&H$4&", *")/$B5*100 -> 22.121896 | I5: =COUNTIFS(集計用!$O:$O, "*, "&I$4&", *")/$B5*100 -> 21.670429 | J5: =COUNTIFS(集計用!$O:$O, "*, "&J$4&", *")/$B5*100 -> 17.832957 | K5: =COUNTIFS(集計用!$O:$O, "*, "&K$4&", *")/$B5*100 -> 16.252822 | ... T5: =COUNTIFS(集計用!$O:$O, "*, "&T$4&", *")/$B5*100 -> 1.8058691 | V5: =COUNTIFS(集計用!$P:$P, "*"&V$4&",*")/$B5*100 -> 1.5801354 | W5: =COUNTIFS(集計用!$P:$P, "*"&W$4&",*")/$B5*100 -> 1.5801354 | X5: =COUNTIFS(集計用!$P:$P, "*"&X$4&",*")/$B5*100 -> 1.1286682 | Y5: =COUNTIFS(集計用!$P:$P, "*"&Y$4&",*")/$B5*100 -> 1.1286682 | Z5: =COUNTIFS(集計用!$P:$P, "*"&Z$4&",*")/$B5*100 -> 0.90293454 | AA5: =COUNTIFS(集計用!$P:$P, "*"&AA$4&",*")/$B5*100 -> 0.6772009 | AB5: =COUNTIFS(集計用!$P:$P, "*"&AB$4&",*")/$B5*100 -> 0.6772009 | AC5: =COUNTIFS(集計用!$P:$P, "*"&AC$4&",*")/$B5*100 -> 0.6772009 | ... BT5: =COUNTIFS(集計用!$P:$P, "*"&BT$4&",*")/$B5*100 -> 0.22573363
A6: 1 | B6: =(COUNTIFS(集計用!$G:$G,"*, "&$C6&",*",集計用!$Q:$Q,"<>無回答")) -> 256 | C6: ノンバイナリー | D6: =COUNTIFS(集計用!$O:$O, "*, "&D$4&", *",集計用!$G:$G,"*, "&$C6&", *")/$B6*100 -> 73.828125 | E6: =COUNTIFS(集計用!$O:$O, "*, "&E$4&", *",集計用!$G:$G,"*, "&$C6&", *")/$B6*100 -> 55.46875 | F6: =COUNTIFS(集計用!$O:$O, "*, "&F$4&", *",集計用!$G:$G,"*, "&$C6&", *")/$B6*100 -> 48.046875 | G6: =COUNTIFS(集計用!$O:$O, "*, "&G$4&", *",集計用!$G:$G,"*, "&$C6&", *")/$B6*100 -> 28.90625 | H6: =COUNTIFS(集計用!$O:$O, "*, "&H$4&", *",集計用!$G:$G,"*, "&$C6&", *")/$B6*100 -> 22.265625 | I6: =COUNTIFS(集計用!$O:$O, "*, "&I$4&", *",集計用!$G:$G,"*, "&$C6&", *")/$B6*100 -> 23.828125 | J6: =COUNTIFS(集計用!$O:$O, "*, "&J$4&", *",集計用!$G:$G,"*, "&$C6&", *")/$B6*100 -> 20.703125 | K6: =COUNTIFS(集計用!$O:$O, "*, "&K$4&", *",集計用!$G:$G,"*, "&$C6&", *")/$B6*100 -> 16.796875 | ... T6: =COUNTIFS(集計用!$O:$O, "*, "&T$4&", *",集計用!$G:$G,"*, "&$C6&", *")/$B6*100 -> 2.34375 | V6: =COUNTIFS(集計用!$P:$P, "*"&V$4&",*",集計用!$G:$G,"*, "&$C6&", *")/$B6*100 -> 1.5625 | W6: =COUNTIFS(集計用!$P:$P, "*"&W$4&",*",集計用!$G:$G,"*, "&$C6&", *")/$B6*100 -> 1.953125 | X6: =COUNTIFS(集計用!$P:$P, "*"&X$4&",*",集計用!$G:$G,"*, "&$C6&", *")/$B6*100 -> 1.171875 | Y6: =COUNTIFS(集計用!$P:$P, "*"&Y$4&",*",集計用!$G:$G,"*, "&$C6&", *")/$B6*100 -> 0.78125 | Z6: =COUNTIFS(集計用!$P:$P, "*"&Z$4&",*",集計用!$G:$G,"*, "&$C6&", *")/$B6*100 -> 0.78125 | AA6: =COUNTIFS(集計用!$P:$P, "*"&AA$4&",*",集計用!$G:$G,"*, "&$C6&", *")/$B6*100 -> 0.78125 | AB6: =COUNTIFS(集計用!$P:$P, "*"&AB$4&",*",集計用!$G:$G,"*, "&$C6&", *")/$B6*100 -> 1.171875 | AC6: =COUNTIFS(集計用!$P:$P, "*"&AC$4&",*",集計用!$G:$G,"*, "&$C6&", *")/$B6*100 -> 0.78125 | ... BT6: =COUNTIFS(集計用!$P:$P, "*"&BT$4&",*",集計用!$G:$G,"*, "&$C6&", *")/$B6*100 -> 0.390625
A7: 1 | B7: =(COUNTIFS(集計用!$G:$G,"*, "&$C7&",*",集計用!$Q:$Q,"<>無回答")) -> 144 | C7: クィア／Queer | D7: =COUNTIFS(集計用!$O:$O, "*, "&D$4&", *",集計用!$G:$G,"*, "&$C7&", *")/$B7*100 -> 75.694444 | E7: =COUNTIFS(集計用!$O:$O, "*, "&E$4&", *",集計用!$G:$G,"*, "&$C7&", *")/$B7*100 -> 54.166667 | F7: =COUNTIFS(集計用!$O:$O, "*, "&F$4&", *",集計用!$G:$G,"*, "&$C7&", *")/$B7*100 -> 57.638889 | G7: =COUNTIFS(集計用!$O:$O, "*, "&G$4&", *",集計用!$G:$G,"*, "&$C7&", *")/$B7*100 -> 29.166667 | H7: =COUNTIFS(集計用!$O:$O, "*, "&H$4&", *",集計用!$G:$G,"*, "&$C7&", *")/$B7*100 -> 27.777778 | I7: =COUNTIFS(集計用!$O:$O, "*, "&I$4&", *",集計用!$G:$G,"*, "&$C7&", *")/$B7*100 -> 19.444444 | J7: =COUNTIFS(集計用!$O:$O, "*, "&J$4&", *",集計用!$G:$G,"*, "&$C7&", *")/$B7*100 -> 19.444444 | K7: =COUNTIFS(集計用!$O:$O, "*, "&K$4&", *",集計用!$G:$G,"*, "&$C7&", *")/$B7*100 -> 19.444444 | ... T7: =COUNTIFS(集計用!$O:$O, "*, "&T$4&", *",集計用!$G:$G,"*, "&$C7&", *")/$B7*100 -> 2.7777778 | V7: =COUNTIFS(集計用!$P:$P, "*"&V$4&",*",集計用!$G:$G,"*, "&$C7&", *")/$B7*100 -> 2.0833333 | W7: =COUNTIFS(集計用!$P:$P, "*"&W$4&",*",集計用!$G:$G,"*, "&$C7&", *")/$B7*100 -> 0.69444444 | X7: =COUNTIFS(集計用!$P:$P, "*"&X$4&",*",集計用!$G:$G,"*, "&$C7&", *")/$B7*100 -> 1.3888889 | Y7: =COUNTIFS(集計用!$P:$P, "*"&Y$4&",*",集計用!$G:$G,"*, "&$C7&", *")/$B7*100 -> 0.69444444 | Z7: =COUNTIFS(集計用!$P:$P, "*"&Z$4&",*",集計用!$G:$G,"*, "&$C7&", *")/$B7*100 -> 2.0833333 | AA7: =COUNTIFS(集計用!$P:$P, "*"&AA$4&",*",集計用!$G:$G,"*, "&$C7&", *")/$B7*100 -> 0.69444444 | AB7: =COUNTIFS(集計用!$P:$P, "*"&AB$4&",*",集計用!$G:$G,"*, "&$C7&", *")/$B7*100 -> 0.69444444 | AC7: =COUNTIFS(集計用!$P:$P, "*"&AC$4&",*",集計用!$G:$G,"*, "&$C7&", *")/$B7*100 -> 0.69444444 | ... BT7: =COUNTIFS(集計用!$P:$P, "*"&BT$4&",*",集計用!$G:$G,"*, "&$C7&", *")/$B7*100 -> 0
A8: 2 | B8: =(COUNTIFS(集計用!$G:$G,"*, "&$C8&",*",集計用!$Q:$Q,"<>無回答")) -> 121 | C8: Xジェンダー | D8: =COUNTIFS(集計用!$O:$O, "*, "&D$4&", *",集計用!$G:$G,"*, "&$C8&", *")/$B8*100 -> 74.380165 | E8: =COUNTIFS(集計用!$O:$O, "*, "&E$4&", *",集計用!$G:$G,"*, "&$C8&", *")/$B8*100 -> 54.545455 | F8: =COUNTIFS(集計用!$O:$O, "*, "&F$4&", *",集計用!$G:$G,"*, "&$C8&", *")/$B8*100 -> 39.669421 | G8: =COUNTIFS(集計用!$O:$O, "*, "&G$4&", *",集計用!$G:$G,"*, "&$C8&", *")/$B8*100 -> 33.884298 | H8: =COUNTIFS(集計用!$O:$O, "*, "&H$4&", *",集計用!$G:$G,"*, "&$C8&", *")/$B8*100 -> 25.619835 | I8: =COUNTIFS(集計用!$O:$O, "*, "&I$4&", *",集計用!$G:$G,"*, "&$C8&", *")/$B8*100 -> 25.619835 | J8: =COUNTIFS(集計用!$O:$O, "*, "&J$4&", *",集計用!$G:$G,"*, "&$C8&", *")/$B8*100 -> 21.487603 | K8: =COUNTIFS(集計用!$O:$O, "*, "&K$4&", *",集計用!$G:$G,"*, "&$C8&", *")/$B8*100 -> 18.181818 | ... T8: =COUNTIFS(集計用!$O:$O, "*, "&T$4&", *",集計用!$G:$G,"*, "&$C8&", *")/$B8*100 -> 2.4793388 | V8: =COUNTIFS(集計用!$P:$P, "*"&V$4&",*",集計用!$G:$G,"*, "&$C8&", *")/$B8*100 -> 1.6528926 | W8: =COUNTIFS(集計用!$P:$P, "*"&W$4&",*",集計用!$G:$G,"*, "&$C8&", *")/$B8*100 -> 3.3057851 | X8: =COUNTIFS(集計用!$P:$P, "*"&X$4&",*",集計用!$G:$G,"*, "&$C8&", *")/$B8*100 -> 0.82644628 | Y8: =COUNTIFS(集計用!$P:$P, "*"&Y$4&",*",集計用!$G:$G,"*, "&$C8&", *")/$B8*100 -> 1.6528926 | Z8: =COUNTIFS(集計用!$P:$P, "*"&Z$4&",*",集計用!$G:$G,"*, "&$C8&", *")/$B8*100 -> 0 | AA8: =COUNTIFS(集計用!$P:$P, "*"&AA$4&",*",集計用!$G:$G,"*, "&$C8&", *")/$B8*100 -> 0.82644628 | AB8: =COUNTIFS(集計用!$P:$P, "*"&AB$4&",*",集計用!$G:$G,"*, "&$C8&", *")/$B8*100 -> 0.82644628 | AC8: =COUNTIFS(集計用!$P:$P, "*"&AC$4&",*",集計用!$G:$G,"*, "&$C8&", *")/$B8*100 -> 0 | ... BT8: =COUNTIFS(集計用!$P:$P, "*"&BT$4&",*",集計用!$G:$G,"*, "&$C8&", *")/$B8*100 -> 0
A9: 1 | B9: =(COUNTIFS(集計用!$G:$G,"*, "&$C9&",*",集計用!$Q:$Q,"<>無回答")) -> 86 | C9: クエスチョニング | D9: =COUNTIFS(集計用!$O:$O, "*, "&D$4&", *",集計用!$G:$G,"*, "&$C9&", *")/$B9*100 -> 74.418605 | E9: =COUNTIFS(集計用!$O:$O, "*, "&E$4&", *",集計用!$G:$G,"*, "&$C9&", *")/$B9*100 -> 61.627907 | F9: =COUNTIFS(集計用!$O:$O, "*, "&F$4&", *",集計用!$G:$G,"*, "&$C9&", *")/$B9*100 -> 51.162791 | G9: =COUNTIFS(集計用!$O:$O, "*, "&G$4&", *",集計用!$G:$G,"*, "&$C9&", *")/$B9*100 -> 26.744186 | H9: =COUNTIFS(集計用!$O:$O, "*, "&H$4&", *",集計用!$G:$G,"*, "&$C9&", *")/$B9*100 -> 27.906977 | I9: =COUNTIFS(集計用!$O:$O, "*, "&I$4&", *",集計用!$G:$G,"*, "&$C9&", *")/$B9*100 -> 18.604651 | J9: =COUNTIFS(集計用!$O:$O, "*, "&J$4&", *",集計用!$G:$G,"*, "&$C9&", *")/$B9*100 -> 13.953488 | K9: =COUNTIFS(集計用!$O:$O, "*, "&K$4&", *",集計用!$G:$G,"*, "&$C9&", *")/$B9*100 -> 20.930233 | ... T9: =COUNTIFS(集計用!$O:$O, "*, "&T$4&", *",集計用!$G:$G,"*, "&$C9&", *")/$B9*100 -> 3.4883721 | V9: =COUNTIFS(集計用!$P:$P, "*"&V$4&",*",集計用!$G:$G,"*, "&$C9&", *")/$B9*100 -> 2.3255814 | W9: =COUNTIFS(集計用!$P:$P, "*"&W$4&",*",集計用!$G:$G,"*, "&$C9&", *")/$B9*100 -> 3.4883721 | X9: =COUNTIFS(集計用!$P:$P, "*"&X$4&",*",集計用!$G:$G,"*, "&$C9&", *")/$B9*100 -> 1.1627907 | Y9: =COUNTIFS(集計用!$P:$P, "*"&Y$4&",*",集計用!$G:$G,"*, "&$C9&", *")/$B9*100 -> 0 | Z9: =COUNTIFS(集計用!$P:$P, "*"&Z$4&",*",集計用!$G:$G,"*, "&$C9&", *")/$B9*100 -> 1.1627907 | AA9: =COUNTIFS(集計用!$P:$P, "*"&AA$4&",*",集計用!$G:$G,"*, "&$C9&", *")/$B9*100 -> 1.1627907 | AB9: =COUNTIFS(集計用!$P:$P, "*"&AB$4&",*",集計用!$G:$G,"*, "&$C9&", *")/$B9*100 -> 0 | AC9: =COUNTIFS(集計用!$P:$P, "*"&AC$4&",*",集計用!$G:$G,"*, "&$C9&", *")/$B9*100 -> 1.1627907 | ... BT9: =COUNTIFS(集計用!$P:$P, "*"&BT$4&",*",集計用!$G:$G,"*, "&$C9&", *")/$B9*100 -> 0
A10: 3 | B10: =(COUNTIFS(集計用!$G:$G,"*, "&$C10&",*",集計用!$Q:$Q,"<>無回答")) -> 86 | C10: 無性 | D10: =COUNTIFS(集計用!$O:$O, "*, "&D$4&", *",集計用!$G:$G,"*, "&$C10&", *")/$B10*100 -> 77.906977 | E10: =COUNTIFS(集計用!$O:$O, "*, "&E$4&", *",集計用!$G:$G,"*, "&$C10&", *")/$B10*100 -> 58.139535 | F10: =COUNTIFS(集計用!$O:$O, "*, "&F$4&", *",集計用!$G:$G,"*, "&$C10&", *")/$B10*100 -> 45.348837 | G10: =COUNTIFS(集計用!$O:$O, "*, "&G$4&", *",集計用!$G:$G,"*, "&$C10&", *")/$B10*100 -> 24.418605 | H10: =COUNTIFS(集計用!$O:$O, "*, "&H$4&", *",集計用!$G:$G,"*, "&$C10&", *")/$B10*100 -> 25.581395 | I10: =COUNTIFS(集計用!$O:$O, "*, "&I$4&", *",集計用!$G:$G,"*, "&$C10&", *")/$B10*100 -> 23.255814 | J10: =COUNTIFS(集計用!$O:$O, "*, "&J$4&", *",集計用!$G:$G,"*, "&$C10&", *")/$B10*100 -> 17.44186 | K10: =COUNTIFS(集計用!$O:$O, "*, "&K$4&", *",集計用!$G:$G,"*, "&$C10&", *")/$B10*100 -> 17.44186 | ... T10: =COUNTIFS(集計用!$O:$O, "*, "&T$4&", *",集計用!$G:$G,"*, "&$C10&", *")/$B10*100 -> 3.4883721 | V10: =COUNTIFS(集計用!$P:$P, "*"&V$4&",*",集計用!$G:$G,"*, "&$C10&", *")/$B10*100 -> 1.1627907 | W10: =COUNTIFS(集計用!$P:$P, "*"&W$4&",*",集計用!$G:$G,"*, "&$C10&", *")/$B10*100 -> 3.4883721 | X10: =COUNTIFS(集計用!$P:$P, "*"&X$4&",*",集計用!$G:$G,"*, "&$C10&", *")/$B10*100 -> 0 | Y10: =COUNTIFS(集計用!$P:$P, "*"&Y$4&",*",集計用!$G:$G,"*, "&$C10&", *")/$B10*100 -> 1.1627907 | Z10: =COUNTIFS(集計用!$P:$P, "*"&Z$4&",*",集計用!$G:$G,"*, "&$C10&", *")/$B10*100 -> 0 | AA10: =COUNTIFS(集計用!$P:$P, "*"&AA$4&",*",集計用!$G:$G,"*, "&$C10&", *")/$B10*100 -> 0 | AB10: =COUNTIFS(集計用!$P:$P, "*"&AB$4&",*",集計用!$G:$G,"*, "&$C10&", *")/$B10*100 -> 0 | AC10: =COUNTIFS(集計用!$P:$P, "*"&AC$4&",*",集計用!$G:$G,"*, "&$C10&", *")/$B10*100 -> 1.1627907 | ... BT10: =COUNTIFS(集計用!$P:$P, "*"&BT$4&",*",集計用!$G:$G,"*, "&$C10&", *")/$B10*100 -> 0
A11: 4 | B11: =(COUNTIFS(集計用!$G:$G,"*, "&$C11&",*",集計用!$Q:$Q,"<>無回答")) -> 75 | C11: （ジェンダー・）フルイド／（ジェンダー・）フリュイド／（ジェンダー・）フルイッド | D11: =COUNTIFS(集計用!$O:$O, "*, "&D$4&", *",集計用!$G:$G,"*, "&$C11&", *")/$B11*100 -> 74.666667 | E11: =COUNTIFS(集計用!$O:$O, "*, "&E$4&", *",集計用!$G:$G,"*, "&$C11&", *")/$B11*100 -> 53.333333 | F11: =COUNTIFS(集計用!$O:$O, "*, "&F$4&", *",集計用!$G:$G,"*, "&$C11&", *")/$B11*100 -> 57.333333 | G11: =COUNTIFS(集計用!$O:$O, "*, "&G$4&", *",集計用!$G:$G,"*, "&$C11&", *")/$B11*100 -> 29.333333 | H11: =COUNTIFS(集計用!$O:$O, "*, "&H$4&", *",集計用!$G:$G,"*, "&$C11&", *")/$B11*100 -> 32 | I11: =COUNTIFS(集計用!$O:$O, "*, "&I$4&", *",集計用!$G:$G,"*, "&$C11&", *")/$B11*100 -> 28 | J11: =COUNTIFS(集計用!$O:$O, "*, "&J$4&", *",集計用!$G:$G,"*, "&$C11&", *")/$B11*100 -> 29.333333 | K11: =COUNTIFS(集計用!$O:$O, "*, "&K$4&", *",集計用!$G:$G,"*, "&$C11&", *")/$B11*100 -> 26.666667 | ... T11: =COUNTIFS(集計用!$O:$O, "*, "&T$4&", *",集計用!$G:$G,"*, "&$C11&", *")/$B11*100 -> 2.6666667 | V11: =COUNTIFS(集計用!$P:$P, "*"&V$4&",*",集計用!$G:$G,"*, "&$C11&", *")/$B11*100 -> 1.3333333 | W11: =COUNTIFS(集計用!$P:$P, "*"&W$4&",*",集計用!$G:$G,"*, "&$C11&", *")/$B11*100 -> 2.6666667 | X11: =COUNTIFS(集計用!$P:$P, "*"&X$4&",*",集計用!$G:$G,"*, "&$C11&", *")/$B11*100 -> 2.6666667 | Y11: =COUNTIFS(集計用!$P:$P, "*"&Y$4&",*",集計用!$G:$G,"*, "&$C11&", *")/$B11*100 -> 4 | Z11: =COUNTIFS(集計用!$P:$P, "*"&Z$4&",*",集計用!$G:$G,"*, "&$C11&", *")/$B11*100 -> 0 | AA11: =COUNTIFS(集計用!$P:$P, "*"&AA$4&",*",集計用!$G:$G,"*, "&$C11&", *")/$B11*100 -> 1.3333333 | AB11: =COUNTIFS(集計用!$P:$P, "*"&AB$4&",*",集計用!$G:$G,"*, "&$C11&", *")/$B11*100 -> 0 | AC11: =COUNTIFS(集計用!$P:$P, "*"&AC$4&",*",集計用!$G:$G,"*, "&$C11&", *")/$B11*100 -> 0 | ... BT11: =COUNTIFS(集計用!$P:$P, "*"&BT$4&",*",集計用!$G:$G,"*, "&$C11&", *")/$B11*100 -> 0
A12: 1 | B12: =(COUNTIFS(集計用!$G:$G,"*, "&$C12&",*",集計用!$Q:$Q,"<>無回答")) -> 74 | C12: ジェンダークィア | D12: =COUNTIFS(集計用!$O:$O, "*, "&D$4&", *",集計用!$G:$G,"*, "&$C12&", *")/$B12*100 -> 72.972973 | E12: =COUNTIFS(集計用!$O:$O, "*, "&E$4&", *",集計用!$G:$G,"*, "&$C12&", *")/$B12*100 -> 60.810811 | F12: =COUNTIFS(集計用!$O:$O, "*, "&F$4&", *",集計用!$G:$G,"*, "&$C12&", *")/$B12*100 -> 64.864865 | G12: =COUNTIFS(集計用!$O:$O, "*, "&G$4&", *",集計用!$G:$G,"*, "&$C12&", *")/$B12*100 -> 24.324324 | H12: =COUNTIFS(集計用!$O:$O, "*, "&H$4&", *",集計用!$G:$G,"*, "&$C12&", *")/$B12*100 -> 25.675676 | I12: =COUNTIFS(集計用!$O:$O, "*, "&I$4&", *",集計用!$G:$G,"*, "&$C12&", *")/$B12*100 -> 21.621622 | J12: =COUNTIFS(集計用!$O:$O, "*, "&J$4&", *",集計用!$G:$G,"*, "&$C12&", *")/$B12*100 -> 18.918919 | K12: =COUNTIFS(集計用!$O:$O, "*, "&K$4&", *",集計用!$G:$G,"*, "&$C12&", *")/$B12*100 -> 24.324324 | ... T12: =COUNTIFS(集計用!$O:$O, "*, "&T$4&", *",集計用!$G:$G,"*, "&$C12&", *")/$B12*100 -> 2.7027027 | V12: =COUNTIFS(集計用!$P:$P, "*"&V$4&",*",集計用!$G:$G,"*, "&$C12&", *")/$B12*100 -> 2.7027027 | W12: =COUNTIFS(集計用!$P:$P, "*"&W$4&",*",集計用!$G:$G,"*, "&$C12&", *")/$B12*100 -> 2.7027027 | X12: =COUNTIFS(集計用!$P:$P, "*"&X$4&",*",集計用!$G:$G,"*, "&$C12&", *")/$B12*100 -> 1.3513514 | Y12: =COUNTIFS(集計用!$P:$P, "*"&Y$4&",*",集計用!$G:$G,"*, "&$C12&", *")/$B12*100 -> 1.3513514 | Z12: =COUNTIFS(集計用!$P:$P, "*"&Z$4&",*",集計用!$G:$G,"*, "&$C12&", *")/$B12*100 -> 0 | AA12: =COUNTIFS(集計用!$P:$P, "*"&AA$4&",*",集計用!$G:$G,"*, "&$C12&", *")/$B12*100 -> 1.3513514 | AB12: =COUNTIFS(集計用!$P:$P, "*"&AB$4&",*",集計用!$G:$G,"*, "&$C12&", *")/$B12*100 -> 0 | AC12: =COUNTIFS(集計用!$P:$P, "*"&AC$4&",*",集計用!$G:$G,"*, "&$C12&", *")/$B12*100 -> 0 | ... BT12: =COUNTIFS(集計用!$P:$P, "*"&BT$4&",*",集計用!$G:$G,"*, "&$C12&", *")/$B12*100 -> 0
A13: 1 | B13: =(COUNTIFS(集計用!$G:$G,"*, "&$C13&",*",集計用!$Q:$Q,"<>無回答")) -> 71 | C13: 不明／わからない | D13: =COUNTIFS(集計用!$O:$O, "*, "&D$4&", *",集計用!$G:$G,"*, "&$C13&", *")/$B13*100 -> 76.056338 | E13: =COUNTIFS(集計用!$O:$O, "*, "&E$4&", *",集計用!$G:$G,"*, "&$C13&", *")/$B13*100 -> 63.380282 | F13: =COUNTIFS(集計用!$O:$O, "*, "&F$4&", *",集計用!$G:$G,"*, "&$C13&", *")/$B13*100 -> 59.15493 | G13: =COUNTIFS(集計用!$O:$O, "*, "&G$4&", *",集計用!$G:$G,"*, "&$C13&", *")/$B13*100 -> 26.760563 | H13: =COUNTIFS(集計用!$O:$O, "*, "&H$4&", *",集計用!$G:$G,"*, "&$C13&", *")/$B13*100 -> 26.760563 | I13: =COUNTIFS(集計用!$O:$O, "*, "&I$4&", *",集計用!$G:$G,"*, "&$C13&", *")/$B13*100 -> 25.352113 | J13: =COUNTIFS(集計用!$O:$O, "*, "&J$4&", *",集計用!$G:$G,"*, "&$C13&", *")/$B13*100 -> 12.676056 | K13: =COUNTIFS(集計用!$O:$O, "*, "&K$4&", *",集計用!$G:$G,"*, "&$C13&", *")/$B13*100 -> 21.126761 | ... T13: =COUNTIFS(集計用!$O:$O, "*, "&T$4&", *",集計用!$G:$G,"*, "&$C13&", *")/$B13*100 -> 4.2253521 | V13: =COUNTIFS(集計用!$P:$P, "*"&V$4&",*",集計用!$G:$G,"*, "&$C13&", *")/$B13*100 -> 1.4084507 | W13: =COUNTIFS(集計用!$P:$P, "*"&W$4&",*",集計用!$G:$G,"*, "&$C13&", *")/$B13*100 -> 4.2253521 | X13: =COUNTIFS(集計用!$P:$P, "*"&X$4&",*",集計用!$G:$G,"*, "&$C13&", *")/$B13*100 -> 1.4084507 | Y13: =COUNTIFS(集計用!$P:$P, "*"&Y$4&",*",集計用!$G:$G,"*, "&$C13&", *")/$B13*100 -> 0 | Z13: =COUNTIFS(集計用!$P:$P, "*"&Z$4&",*",集計用!$G:$G,"*, "&$C13&", *")/$B13*100 -> 1.4084507 | AA13: =COUNTIFS(集計用!$P:$P, "*"&AA$4&",*",集計用!$G:$G,"*, "&$C13&", *")/$B13*100 -> 2.8169014 | AB13: =COUNTIFS(集計用!$P:$P, "*"&AB$4&",*",集計用!$G:$G,"*, "&$C13&", *")/$B13*100 -> 0 | AC13: =COUNTIFS(集計用!$P:$P, "*"&AC$4&",*",集計用!$G:$G,"*, "&$C13&", *")/$B13*100 -> 2.8169014 | ... BT13: =COUNTIFS(集計用!$P:$P, "*"&BT$4&",*",集計用!$G:$G,"*, "&$C13&", *")/$B13*100 -> 0
A14: 3 | B14: =(COUNTIFS(集計用!$G:$G,"*, "&$C14&",*",集計用!$Q:$Q,"<>無回答")) -> 71 | C14: Aジェンダー／エイジェンダー／アジェンダー／agender | D14: =COUNTIFS(集計用!$O:$O, "*, "&D$4&", *",集計用!$G:$G,"*, "&$C14&", *")/$B14*100 -> 74.647887 | E14: =COUNTIFS(集計用!$O:$O, "*, "&E$4&", *",集計用!$G:$G,"*, "&$C14&", *")/$B14*100 -> 54.929577 | F14: =COUNTIFS(集計用!$O:$O, "*, "&F$4&", *",集計用!$G:$G,"*, "&$C14&", *")/$B14*100 -> 46.478873 | G14: =COUNTIFS(集計用!$O:$O, "*, "&G$4&", *",集計用!$G:$G,"*, "&$C14&", *")/$B14*100 -> 25.352113 | H14: =COUNTIFS(集計用!$O:$O, "*, "&H$4&", *",集計用!$G:$G,"*, "&$C14&", *")/$B14*100 -> 21.126761 | I14: =COUNTIFS(集計用!$O:$O, "*, "&I$4&", *",集計用!$G:$G,"*, "&$C14&", *")/$B14*100 -> 22.535211 | J14: =COUNTIFS(集計用!$O:$O, "*, "&J$4&", *",集計用!$G:$G,"*, "&$C14&", *")/$B14*100 -> 19.71831 | K14: =COUNTIFS(集計用!$O:$O, "*, "&K$4&", *",集計用!$G:$G,"*, "&$C14&", *")/$B14*100 -> 21.126761 | ... T14: =COUNTIFS(集計用!$O:$O, "*, "&T$4&", *",集計用!$G:$G,"*, "&$C14&", *")/$B14*100 -> 1.4084507 | V14: =COUNTIFS(集計用!$P:$P, "*"&V$4&",*",集計用!$G:$G,"*, "&$C14&", *")/$B14*100 -> 0 | W14: =COUNTIFS(集計用!$P:$P, "*"&W$4&",*",集計用!$G:$G,"*, "&$C14&", *")/$B14*100 -> 1.4084507 | X14: =COUNTIFS(集計用!$P:$P, "*"&X$4&",*",集計用!$G:$G,"*, "&$C14&", *")/$B14*100 -> 1.4084507 | Y14: =COUNTIFS(集計用!$P:$P, "*"&Y$4&",*",集計用!$G:$G,"*, "&$C14&", *")/$B14*100 -> 0 | Z14: =COUNTIFS(集計用!$P:$P, "*"&Z$4&",*",集計用!$G:$G,"*, "&$C14&", *")/$B14*100 -> 1.4084507 | AA14: =COUNTIFS(集計用!$P:$P, "*"&AA$4&",*",集計用!$G:$G,"*, "&$C14&", *")/$B14*100 -> 1.4084507 | AB14: =COUNTIFS(集計用!$P:$P, "*"&AB$4&",*",集計用!$G:$G,"*, "&$C14&", *")/$B14*100 -> 1.4084507 | AC14: =COUNTIFS(集計用!$P:$P, "*"&AC$4&",*",集計用!$G:$G,"*, "&$C14&", *")/$B14*100 -> 0 | ... BT14: =COUNTIFS(集計用!$P:$P, "*"&BT$4&",*",集計用!$G:$G,"*, "&$C14&", *")/$B14*100 -> 1.4084507
A15: 2 | B15: =(COUNTIFS(集計用!$G:$G,"*, "&$C15&",*",集計用!$Q:$Q,"<>無回答")) -> 69 | C15: X | D15: =COUNTIFS(集計用!$O:$O, "*, "&D$4&", *",集計用!$G:$G,"*, "&$C15&", *")/$B15*100 -> 73.913043 | E15: =COUNTIFS(集計用!$O:$O, "*, "&E$4&", *",集計用!$G:$G,"*, "&$C15&", *")/$B15*100 -> 62.318841 | F15: =COUNTIFS(集計用!$O:$O, "*, "&F$4&", *",集計用!$G:$G,"*, "&$C15&", *")/$B15*100 -> 33.333333 | G15: =COUNTIFS(集計用!$O:$O, "*, "&G$4&", *",集計用!$G:$G,"*, "&$C15&", *")/$B15*100 -> 37.681159 | H15: =COUNTIFS(集計用!$O:$O, "*, "&H$4&", *",集計用!$G:$G,"*, "&$C15&", *")/$B15*100 -> 23.188406 | I15: =COUNTIFS(集計用!$O:$O, "*, "&I$4&", *",集計用!$G:$G,"*, "&$C15&", *")/$B15*100 -> 23.188406 | J15: =COUNTIFS(集計用!$O:$O, "*, "&J$4&", *",集計用!$G:$G,"*, "&$C15&", *")/$B15*100 -> 20.289855 | K15: =COUNTIFS(集計用!$O:$O, "*, "&K$4&", *",集計用!$G:$G,"*, "&$C15&", *")/$B15*100 -> 18.84058 | ... T15: =COUNTIFS(集計用!$O:$O, "*, "&T$4&", *",集計用!$G:$G,"*, "&$C15&", *")/$B15*100 -> 1.4492754 | V15: =COUNTIFS(集計用!$P:$P, "*"&V$4&",*",集計用!$G:$G,"*, "&$C15&", *")/$B15*100 -> 1.4492754 | W15: =COUNTIFS(集計用!$P:$P, "*"&W$4&",*",集計用!$G:$G,"*, "&$C15&", *")/$B15*100 -> 4.3478261 | X15: =COUNTIFS(集計用!$P:$P, "*"&X$4&",*",集計用!$G:$G,"*, "&$C15&", *")/$B15*100 -> 0 | Y15: =COUNTIFS(集計用!$P:$P, "*"&Y$4&",*",集計用!$G:$G,"*, "&$C15&", *")/$B15*100 -> 1.4492754 | Z15: =COUNTIFS(集計用!$P:$P, "*"&Z$4&",*",集計用!$G:$G,"*, "&$C15&", *")/$B15*100 -> 0 | AA15: =COUNTIFS(集計用!$P:$P, "*"&AA$4&",*",集計用!$G:$G,"*, "&$C15&", *")/$B15*100 -> 0 | AB15: =COUNTIFS(集計用!$P:$P, "*"&AB$4&",*",集計用!$G:$G,"*, "&$C15&", *")/$B15*100 -> 1.4492754 | AC15: =COUNTIFS(集計用!$P:$P, "*"&AC$4&",*",集計用!$G:$G,"*, "&$C15&", *")/$B15*100 -> 0 | ... BT15: =COUNTIFS(集計用!$P:$P, "*"&BT$4&",*",集計用!$G:$G,"*, "&$C15&", *")/$B15*100 -> 0
A16: 5 | B16: =(COUNTIFS(集計用!$G:$G,"*, "&$C16&",*",集計用!$Q:$Q,"<>無回答")) -> 60 | C16: トランスジェンダー | D16: =COUNTIFS(集計用!$O:$O, "*, "&D$4&", *",集計用!$G:$G,"*, "&$C16&", *")/$B16*100 -> 75 | E16: =COUNTIFS(集計用!$O:$O, "*, "&E$4&", *",集計用!$G:$G,"*, "&$C16&", *")/$B16*100 -> 56.666667 | F16: =COUNTIFS(集計用!$O:$O, "*, "&F$4&", *",集計用!$G:$G,"*, "&$C16&", *")/$B16*100 -> 46.666667 | G16: =COUNTIFS(集計用!$O:$O, "*, "&G$4&", *",集計用!$G:$G,"*, "&$C16&", *")/$B16*100 -> 33.333333 | H16: =COUNTIFS(集計用!$O:$O, "*, "&H$4&", *",集計用!$G:$G,"*, "&$C16&", *")/$B16*100 -> 23.333333 | I16: =COUNTIFS(集計用!$O:$O, "*, "&I$4&", *",集計用!$G:$G,"*, "&$C16&", *")/$B16*100 -> 25 | J16: =COUNTIFS(集計用!$O:$O, "*, "&J$4&", *",集計用!$G:$G,"*, "&$C16&", *")/$B16*100 -> 18.333333 | K16: =COUNTIFS(集計用!$O:$O, "*, "&K$4&", *",集計用!$G:$G,"*, "&$C16&", *")/$B16*100 -> 16.666667 | ... T16: =COUNTIFS(集計用!$O:$O, "*, "&T$4&", *",集計用!$G:$G,"*, "&$C16&", *")/$B16*100 -> 0 | V16: =COUNTIFS(集計用!$P:$P, "*"&V$4&",*",集計用!$G:$G,"*, "&$C16&", *")/$B16*100 -> 0 | W16: =COUNTIFS(集計用!$P:$P, "*"&W$4&",*",集計用!$G:$G,"*, "&$C16&", *")/$B16*100 -> 0 | X16: =COUNTIFS(集計用!$P:$P, "*"&X$4&",*",集計用!$G:$G,"*, "&$C16&", *")/$B16*100 -> 0 | Y16: =COUNTIFS(集計用!$P:$P, "*"&Y$4&",*",集計用!$G:$G,"*, "&$C16&", *")/$B16*100 -> 1.6666667 | Z16: =COUNTIFS(集計用!$P:$P, "*"&Z$4&",*",集計用!$G:$G,"*, "&$C16&", *")/$B16*100 -> 0 | AA16: =COUNTIFS(集計用!$P:$P, "*"&AA$4&",*",集計用!$G:$G,"*, "&$C16&", *")/$B16*100 -> 0 | AB16: =COUNTIFS(集計用!$P:$P, "*"&AB$4&",*",集計用!$G:$G,"*, "&$C16&", *")/$B16*100 -> 0 | AC16: =COUNTIFS(集計用!$P:$P, "*"&AC$4&",*",集計用!$G:$G,"*, "&$C16&", *")/$B16*100 -> 0 | ... BT16: =COUNTIFS(集計用!$P:$P, "*"&BT$4&",*",集計用!$G:$G,"*, "&$C16&", *")/$B16*100 -> 0
A17: 2 | B17: =(COUNTIFS(集計用!$G:$G,"*, "&$C17&",*",集計用!$Q:$Q,"<>無回答")) -> 60 | C17: 中性 | D17: =COUNTIFS(集計用!$O:$O, "*, "&D$4&", *",集計用!$G:$G,"*, "&$C17&", *")/$B17*100 -> 78.333333 | E17: =COUNTIFS(集計用!$O:$O, "*, "&E$4&", *",集計用!$G:$G,"*, "&$C17&", *")/$B17*100 -> 55 | F17: =COUNTIFS(集計用!$O:$O, "*, "&F$4&", *",集計用!$G:$G,"*, "&$C17&", *")/$B17*100 -> 50 | G17: =COUNTIFS(集計用!$O:$O, "*, "&G$4&", *",集計用!$G:$G,"*, "&$C17&", *")/$B17*100 -> 21.666667 | H17: =COUNTIFS(集計用!$O:$O, "*, "&H$4&", *",集計用!$G:$G,"*, "&$C17&", *")/$B17*100 -> 18.333333 | I17: =COUNTIFS(集計用!$O:$O, "*, "&I$4&", *",集計用!$G:$G,"*, "&$C17&", *")/$B17*100 -> 25 | J17: =COUNTIFS(集計用!$O:$O, "*, "&J$4&", *",集計用!$G:$G,"*, "&$C17&", *")/$B17*100 -> 20 | K17: =COUNTIFS(集計用!$O:$O, "*, "&K$4&", *",集計用!$G:$G,"*, "&$C17&", *")/$B17*100 -> 21.666667 | ... T17: =COUNTIFS(集計用!$O:$O, "*, "&T$4&", *",集計用!$G:$G,"*, "&$C17&", *")/$B17*100 -> 0 | V17: =COUNTIFS(集計用!$P:$P, "*"&V$4&",*",集計用!$G:$G,"*, "&$C17&", *")/$B17*100 -> 3.3333333 | W17: =COUNTIFS(集計用!$P:$P, "*"&W$4&",*",集計用!$G:$G,"*, "&$C17&", *")/$B17*100 -> 0 | X17: =COUNTIFS(集計用!$P:$P, "*"&X$4&",*",集計用!$G:$G,"*, "&$C17&", *")/$B17*100 -> 1.6666667 | Y17: =COUNTIFS(集計用!$P:$P, "*"&Y$4&",*",集計用!$G:$G,"*, "&$C17&", *")/$B17*100 -> 3.3333333 | Z17: =COUNTIFS(集計用!$P:$P, "*"&Z$4&",*",集計用!$G:$G,"*, "&$C17&", *")/$B17*100 -> 0 | AA17: =COUNTIFS(集計用!$P:$P, "*"&AA$4&",*",集計用!$G:$G,"*, "&$C17&", *")/$B17*100 -> 1.6666667 | AB17: =COUNTIFS(集計用!$P:$P, "*"&AB$4&",*",集計用!$G:$G,"*, "&$C17&", *")/$B17*100 -> 0 | AC17: =COUNTIFS(集計用!$P:$P, "*"&AC$4&",*",集計用!$G:$G,"*, "&$C17&", *")/$B17*100 -> 0 | ... BT17: =COUNTIFS(集計用!$P:$P, "*"&BT$4&",*",集計用!$G:$G,"*, "&$C17&", *")/$B17*100 -> 0
... A57: 4 | B57: =(COUNTIFS(集計用!$G:$G,"*, "&$C57&",*",集計用!$Q:$Q,"<>無回答")) -> 5 | C57: 少女 | D57: =COUNTIFS(集計用!$O:$O, "*, "&D$4&", *",集計用!$G:$G,"*, "&$C57&", *")/$B57*100 -> 100 | E57: =COUNTIFS(集計用!$O:$O, "*, "&E$4&", *",集計用!$G:$G,"*, "&$C57&", *")/$B57*100 -> 80 | F57: =COUNTIFS(集計用!$O:$O, "*, "&F$4&", *",集計用!$G:$G,"*, "&$C57&", *")/$B57*100 -> 100 | G57: =COUNTIFS(集計用!$O:$O, "*, "&G$4&", *",集計用!$G:$G,"*, "&$C57&", *")/$B57*100 -> 20 | H57: =COUNTIFS(集計用!$O:$O, "*, "&H$4&", *",集計用!$G:$G,"*, "&$C57&", *")/$B57*100 -> 20 | I57: =COUNTIFS(集計用!$O:$O, "*, "&I$4&", *",集計用!$G:$G,"*, "&$C57&", *")/$B57*100 -> 60 | J57: =COUNTIFS(集計用!$O:$O, "*, "&J$4&", *",集計用!$G:$G,"*, "&$C57&", *")/$B57*100 -> 40 | K57: =COUNTIFS(集計用!$O:$O, "*, "&K$4&", *",集計用!$G:$G,"*, "&$C57&", *")/$B57*100 -> 60 | ... T57: =COUNTIFS(集計用!$O:$O, "*, "&T$4&", *",集計用!$G:$G,"*, "&$C57&", *")/$B57*100 -> 0 | V57: =COUNTIFS(集計用!$P:$P, "*"&V$4&",*",集計用!$G:$G,"*, "&$C57&", *")/$B57*100 -> 0 | W57: =COUNTIFS(集計用!$P:$P, "*"&W$4&",*",集計用!$G:$G,"*, "&$C57&", *")/$B57*100 -> 0 | X57: =COUNTIFS(集計用!$P:$P, "*"&X$4&",*",集計用!$G:$G,"*, "&$C57&", *")/$B57*100 -> 0 | Y57: =COUNTIFS(集計用!$P:$P, "*"&Y$4&",*",集計用!$G:$G,"*, "&$C57&", *")/$B57*100 -> 0 | Z57: =COUNTIFS(集計用!$P:$P, "*"&Z$4&",*",集計用!$G:$G,"*, "&$C57&", *")/$B57*100 -> 0 | AA57: =COUNTIFS(集計用!$P:$P, "*"&AA$4&",*",集計用!$G:$G,"*, "&$C57&", *")/$B57*100 -> 0 | AB57: =COUNTIFS(集計用!$P:$P, "*"&AB$4&",*",集計用!$G:$G,"*, "&$C57&", *")/$B57*100 -> 0 | AC57: =COUNTIFS(集計用!$P:$P, "*"&AC$4&",*",集計用!$G:$G,"*, "&$C57&", *")/$B57*100 -> 0 | ... BT57: =COUNTIFS(集計用!$P:$P, "*"&BT$4&",*",集計用!$G:$G,"*, "&$C57&", *")/$B57*100 -> 0
A58: NA | B58: =(COUNTIFS(集計用!$G:$G,"*, "&$C58&",*",集計用!$Q:$Q,"<>無回答")) -> 4 | C58: ダイク／dyke | D58: =COUNTIFS(集計用!$O:$O, "*, "&D$4&", *",集計用!$G:$G,"*, "&$C58&", *")/$B58*100 -> 100 | E58: =COUNTIFS(集計用!$O:$O, "*, "&E$4&", *",集計用!$G:$G,"*, "&$C58&", *")/$B58*100 -> 50 | F58: =COUNTIFS(集計用!$O:$O, "*, "&F$4&", *",集計用!$G:$G,"*, "&$C58&", *")/$B58*100 -> 25 | G58: =COUNTIFS(集計用!$O:$O, "*, "&G$4&", *",集計用!$G:$G,"*, "&$C58&", *")/$B58*100 -> 0 | H58: =COUNTIFS(集計用!$O:$O, "*, "&H$4&", *",集計用!$G:$G,"*, "&$C58&", *")/$B58*100 -> 50 | I58: =COUNTIFS(集計用!$O:$O, "*, "&I$4&", *",集計用!$G:$G,"*, "&$C58&", *")/$B58*100 -> 25 | J58: =COUNTIFS(集計用!$O:$O, "*, "&J$4&", *",集計用!$G:$G,"*, "&$C58&", *")/$B58*100 -> 75 | K58: =COUNTIFS(集計用!$O:$O, "*, "&K$4&", *",集計用!$G:$G,"*, "&$C58&", *")/$B58*100 -> 25 | ... T58: =COUNTIFS(集計用!$O:$O, "*, "&T$4&", *",集計用!$G:$G,"*, "&$C58&", *")/$B58*100 -> 0 | V58: =COUNTIFS(集計用!$P:$P, "*"&V$4&",*",集計用!$G:$G,"*, "&$C58&", *")/$B58*100 -> 0 | W58: =COUNTIFS(集計用!$P:$P, "*"&W$4&",*",集計用!$G:$G,"*, "&$C58&", *")/$B58*100 -> 0 | X58: =COUNTIFS(集計用!$P:$P, "*"&X$4&",*",集計用!$G:$G,"*, "&$C58&", *")/$B58*100 -> 0 | Y58: =COUNTIFS(集計用!$P:$P, "*"&Y$4&",*",集計用!$G:$G,"*, "&$C58&", *")/$B58*100 -> 0 | Z58: =COUNTIFS(集計用!$P:$P, "*"&Z$4&",*",集計用!$G:$G,"*, "&$C58&", *")/$B58*100 -> 0 | AA58: =COUNTIFS(集計用!$P:$P, "*"&AA$4&",*",集計用!$G:$G,"*, "&$C58&", *")/$B58*100 -> 0 | AB58: =COUNTIFS(集計用!$P:$P, "*"&AB$4&",*",集計用!$G:$G,"*, "&$C58&", *")/$B58*100 -> 0 | AC58: =COUNTIFS(集計用!$P:$P, "*"&AC$4&",*",集計用!$G:$G,"*, "&$C58&", *")/$B58*100 -> 0 | ... BT58: =COUNTIFS(集計用!$P:$P, "*"&BT$4&",*",集計用!$G:$G,"*, "&$C58&", *")/$B58*100 -> 0
A59: NA | B59: =(COUNTIFS(集計用!$G:$G,"*, "&$C59&",*",集計用!$Q:$Q,"<>無回答")) -> 4 | C59: ブッチ／butch | D59: =COUNTIFS(集計用!$O:$O, "*, "&D$4&", *",集計用!$G:$G,"*, "&$C59&", *")/$B59*100 -> 100 | E59: =COUNTIFS(集計用!$O:$O, "*, "&E$4&", *",集計用!$G:$G,"*, "&$C59&", *")/$B59*100 -> 100 | F59: =COUNTIFS(集計用!$O:$O, "*, "&F$4&", *",集計用!$G:$G,"*, "&$C59&", *")/$B59*100 -> 25 | G59: =COUNTIFS(集計用!$O:$O, "*, "&G$4&", *",集計用!$G:$G,"*, "&$C59&", *")/$B59*100 -> 25 | H59: =COUNTIFS(集計用!$O:$O, "*, "&H$4&", *",集計用!$G:$G,"*, "&$C59&", *")/$B59*100 -> 25 | I59: =COUNTIFS(集計用!$O:$O, "*, "&I$4&", *",集計用!$G:$G,"*, "&$C59&", *")/$B59*100 -> 25 | J59: =COUNTIFS(集計用!$O:$O, "*, "&J$4&", *",集計用!$G:$G,"*, "&$C59&", *")/$B59*100 -> 75 | K59: =COUNTIFS(集計用!$O:$O, "*, "&K$4&", *",集計用!$G:$G,"*, "&$C59&", *")/$B59*100 -> 50 | ... T59: =COUNTIFS(集計用!$O:$O, "*, "&T$4&", *",集計用!$G:$G,"*, "&$C59&", *")/$B59*100 -> 0 | V59: =COUNTIFS(集計用!$P:$P, "*"&V$4&",*",集計用!$G:$G,"*, "&$C59&", *")/$B59*100 -> 0 | W59: =COUNTIFS(集計用!$P:$P, "*"&W$4&",*",集計用!$G:$G,"*, "&$C59&", *")/$B59*100 -> 0 | X59: =COUNTIFS(集計用!$P:$P, "*"&X$4&",*",集計用!$G:$G,"*, "&$C59&", *")/$B59*100 -> 0 | Y59: =COUNTIFS(集計用!$P:$P, "*"&Y$4&",*",集計用!$G:$G,"*, "&$C59&", *")/$B59*100 -> 0 | Z59: =COUNTIFS(集計用!$P:$P, "*"&Z$4&",*",集計用!$G:$G,"*, "&$C59&", *")/$B59*100 -> 0 | AA59: =COUNTIFS(集計用!$P:$P, "*"&AA$4&",*",集計用!$G:$G,"*, "&$C59&", *")/$B59*100 -> 0 | AB59: =COUNTIFS(集計用!$P:$P, "*"&AB$4&",*",集計用!$G:$G,"*, "&$C59&", *")/$B59*100 -> 0 | AC59: =COUNTIFS(集計用!$P:$P, "*"&AC$4&",*",集計用!$G:$G,"*, "&$C59&", *")/$B59*100 -> 0 | ... BT59: =COUNTIFS(集計用!$P:$P, "*"&BT$4&",*",集計用!$G:$G,"*, "&$C59&", *")/$B59*100 -> 0
A60: NA | B60: =(COUNTIFS(集計用!$G:$G,"*, "&$C60&",*",集計用!$Q:$Q,"<>無回答")) -> 3 | C60: おかま | D60: =COUNTIFS(集計用!$O:$O, "*, "&D$4&", *",集計用!$G:$G,"*, "&$C60&", *")/$B60*100 -> 100 | E60: =COUNTIFS(集計用!$O:$O, "*, "&E$4&", *",集計用!$G:$G,"*, "&$C60&", *")/$B60*100 -> 66.666667 | F60: =COUNTIFS(集計用!$O:$O, "*, "&F$4&", *",集計用!$G:$G,"*, "&$C60&", *")/$B60*100 -> 100 | G60: =COUNTIFS(集計用!$O:$O, "*, "&G$4&", *",集計用!$G:$G,"*, "&$C60&", *")/$B60*100 -> 33.333333 | H60: =COUNTIFS(集計用!$O:$O, "*, "&H$4&", *",集計用!$G:$G,"*, "&$C60&", *")/$B60*100 -> 66.666667 | I60: =COUNTIFS(集計用!$O:$O, "*, "&I$4&", *",集計用!$G:$G,"*, "&$C60&", *")/$B60*100 -> 66.666667 | J60: =COUNTIFS(集計用!$O:$O, "*, "&J$4&", *",集計用!$G:$G,"*, "&$C60&", *")/$B60*100 -> 33.333333 | K60: =COUNTIFS(集計用!$O:$O, "*, "&K$4&", *",集計用!$G:$G,"*, "&$C60&", *")/$B60*100 -> 66.666667 | ... T60: =COUNTIFS(集計用!$O:$O, "*, "&T$4&", *",集計用!$G:$G,"*, "&$C60&", *")/$B60*100 -> 33.333333 | V60: =COUNTIFS(集計用!$P:$P, "*"&V$4&",*",集計用!$G:$G,"*, "&$C60&", *")/$B60*100 -> 33.333333 | W60: =COUNTIFS(集計用!$P:$P, "*"&W$4&",*",集計用!$G:$G,"*, "&$C60&", *")/$B60*100 -> 0 | X60: =COUNTIFS(集計用!$P:$P, "*"&X$4&",*",集計用!$G:$G,"*, "&$C60&", *")/$B60*100 -> 0 | Y60: =COUNTIFS(集計用!$P:$P, "*"&Y$4&",*",集計用!$G:$G,"*, "&$C60&", *")/$B60*100 -> 0 | Z60: =COUNTIFS(集計用!$P:$P, "*"&Z$4&",*",集計用!$G:$G,"*, "&$C60&", *")/$B60*100 -> 0 | AA60: =COUNTIFS(集計用!$P:$P, "*"&AA$4&",*",集計用!$G:$G,"*, "&$C60&", *")/$B60*100 -> 0 | AB60: =COUNTIFS(集計用!$P:$P, "*"&AB$4&",*",集計用!$G:$G,"*, "&$C60&", *")/$B60*100 -> 0 | AC60: =COUNTIFS(集計用!$P:$P, "*"&AC$4&",*",集計用!$G:$G,"*, "&$C60&", *")/$B60*100 -> 0 | ... BT60: =COUNTIFS(集計用!$P:$P, "*"&BT$4&",*",集計用!$G:$G,"*, "&$C60&", *")/$B60*100 -> 0
A61: NA | B61: =(COUNTIFS(集計用!$G:$G,"*, "&$C61&",*",集計用!$Q:$Q,"<>無回答")) -> 2 | C61: ニューハーフ | D61: =COUNTIFS(集計用!$O:$O, "*, "&D$4&", *",集計用!$G:$G,"*, "&$C61&", *")/$B61*100 -> 100 | E61: =COUNTIFS(集計用!$O:$O, "*, "&E$4&", *",集計用!$G:$G,"*, "&$C61&", *")/$B61*100 -> 50 | F61: =COUNTIFS(集計用!$O:$O, "*, "&F$4&", *",集計用!$G:$G,"*, "&$C61&", *")/$B61*100 -> 50 | G61: =COUNTIFS(集計用!$O:$O, "*, "&G$4&", *",集計用!$G:$G,"*, "&$C61&", *")/$B61*100 -> 0 | H61: =COUNTIFS(集計用!$O:$O, "*, "&H$4&", *",集計用!$G:$G,"*, "&$C61&", *")/$B61*100 -> 50 | I61: =COUNTIFS(集計用!$O:$O, "*, "&I$4&", *",集計用!$G:$G,"*, "&$C61&", *")/$B61*100 -> 50 | J61: =COUNTIFS(集計用!$O:$O, "*, "&J$4&", *",集計用!$G:$G,"*, "&$C61&", *")/$B61*100 -> 50 | K61: =COUNTIFS(集計用!$O:$O, "*, "&K$4&", *",集計用!$G:$G,"*, "&$C61&", *")/$B61*100 -> 50 | ... T61: =COUNTIFS(集計用!$O:$O, "*, "&T$4&", *",集計用!$G:$G,"*, "&$C61&", *")/$B61*100 -> 0 | V61: =COUNTIFS(集計用!$P:$P, "*"&V$4&",*",集計用!$G:$G,"*, "&$C61&", *")/$B61*100 -> 0 | W61: =COUNTIFS(集計用!$P:$P, "*"&W$4&",*",集計用!$G:$G,"*, "&$C61&", *")/$B61*100 -> 0 | X61: =COUNTIFS(集計用!$P:$P, "*"&X$4&",*",集計用!$G:$G,"*, "&$C61&", *")/$B61*100 -> 0 | Y61: =COUNTIFS(集計用!$P:$P, "*"&Y$4&",*",集計用!$G:$G,"*, "&$C61&", *")/$B61*100 -> 0 | Z61: =COUNTIFS(集計用!$P:$P, "*"&Z$4&",*",集計用!$G:$G,"*, "&$C61&", *")/$B61*100 -> 0 | AA61: =COUNTIFS(集計用!$P:$P, "*"&AA$4&",*",集計用!$G:$G,"*, "&$C61&", *")/$B61*100 -> 0 | AB61: =COUNTIFS(集計用!$P:$P, "*"&AB$4&",*",集計用!$G:$G,"*, "&$C61&", *")/$B61*100 -> 0 | AC61: =COUNTIFS(集計用!$P:$P, "*"&AC$4&",*",集計用!$G:$G,"*, "&$C61&", *")/$B61*100 -> 0 | ... BT61: =COUNTIFS(集計用!$P:$P, "*"&BT$4&",*",集計用!$G:$G,"*, "&$C61&", *")/$B61*100 -> 0
A62: NA | B62: =(COUNTIFS(集計用!$G:$G,"*, "&$C62&",*",集計用!$Q:$Q,"<>無回答")) -> 1 | C62: おなべ | D62: =COUNTIFS(集計用!$O:$O, "*, "&D$4&", *",集計用!$G:$G,"*, "&$C62&", *")/$B62*100 -> 100 | E62: =COUNTIFS(集計用!$O:$O, "*, "&E$4&", *",集計用!$G:$G,"*, "&$C62&", *")/$B62*100 -> 100 | F62: =COUNTIFS(集計用!$O:$O, "*, "&F$4&", *",集計用!$G:$G,"*, "&$C62&", *")/$B62*100 -> 0 | G62: =COUNTIFS(集計用!$O:$O, "*, "&G$4&", *",集計用!$G:$G,"*, "&$C62&", *")/$B62*100 -> 100 | H62: =COUNTIFS(集計用!$O:$O, "*, "&H$4&", *",集計用!$G:$G,"*, "&$C62&", *")/$B62*100 -> 0 | I62: =COUNTIFS(集計用!$O:$O, "*, "&I$4&", *",集計用!$G:$G,"*, "&$C62&", *")/$B62*100 -> 0 | J62: =COUNTIFS(集計用!$O:$O, "*, "&J$4&", *",集計用!$G:$G,"*, "&$C62&", *")/$B62*100 -> 0 | K62: =COUNTIFS(集計用!$O:$O, "*, "&K$4&", *",集計用!$G:$G,"*, "&$C62&", *")/$B62*100 -> 0 | ... T62: =COUNTIFS(集計用!$O:$O, "*, "&T$4&", *",集計用!$G:$G,"*, "&$C62&", *")/$B62*100 -> 0 | V62: =COUNTIFS(集計用!$P:$P, "*"&V$4&",*",集計用!$G:$G,"*, "&$C62&", *")/$B62*100 -> 0 | W62: =COUNTIFS(集計用!$P:$P, "*"&W$4&",*",集計用!$G:$G,"*, "&$C62&", *")/$B62*100 -> 0 | X62: =COUNTIFS(集計用!$P:$P, "*"&X$4&",*",集計用!$G:$G,"*, "&$C62&", *")/$B62*100 -> 0 | Y62: =COUNTIFS(集計用!$P:$P, "*"&Y$4&",*",集計用!$G:$G,"*, "&$C62&", *")/$B62*100 -> 0 | Z62: =COUNTIFS(集計用!$P:$P, "*"&Z$4&",*",集計用!$G:$G,"*, "&$C62&", *")/$B62*100 -> 0 | AA62: =COUNTIFS(集計用!$P:$P, "*"&AA$4&",*",集計用!$G:$G,"*, "&$C62&", *")/$B62*100 -> 0 | AB62: =COUNTIFS(集計用!$P:$P, "*"&AB$4&",*",集計用!$G:$G,"*, "&$C62&", *")/$B62*100 -> 0 | AC62: =COUNTIFS(集計用!$P:$P, "*"&AC$4&",*",集計用!$G:$G,"*, "&$C62&", *")/$B62*100 -> 0 | ... BT62: =COUNTIFS(集計用!$P:$P, "*"&BT$4&",*",集計用!$G:$G,"*, "&$C62&", *")/$B62*100 -> 0

Sheet A4b.ジェンダーと一人称 (自由記入式)
A1: 表A4b：ジェンダー・ラベルごとの日本語一人称（自由記入式, %）
C3: n | D3: =COUNTIFS(集計用!$P:$P, "*"&D$4&",*") -> 7 | E3: =COUNTIFS(集計用!$P:$P, "*"&E$4&",*") -> 7 | F3: =COUNTIFS(集計用!$P:$P, "*"&F$4&",*") -> 5 | G3: =COUNTIFS(集計用!$P:$P, "*"&G$4&",*") -> 5 | H3: =COUNTIFS(集計用!$P:$P, "*"&H$4&",*") -> 4 | I3: =COUNTIFS(集計用!$P:$P, "*"&I$4&",*") -> 3 | J3: =COUNTIFS(集計用!$P:$P, "*"&J$4&",*") -> 3 | K3: =COUNTIFS(集計用!$P:$P, "*"&K$4&",*") -> 3 | ... BB3: =COUNTIFS(集計用!$P:$P, "*"&BB$4&",*") -> 1
A4: cluster | B4: n= | C4: ジェンダー・ラベル | D4: ワイ | E4: わい | F4: 我 | G4: あだ名 | H4: あーし | I4: おいら | J4: われ | K4: (あだ名)+ちゃん | L4: わっち | M4: あたい | N4: 自分 | O4: 当方 | P4: 納得のいく代名詞はない | Q4: (あだ名)+ちゃん | R4: ●●ちゃん | S4: あーし2 | T4: あてくし | U4: おのれ | V4: じぶん | W4: それがし | X4: ぼくちゃん | Y4: ミー(me) | Z4: わたくしさま | AA4: わてくし | AB4: 拙者 | AC4: 苗字 | AD4: 某 | AE4: (あだ名)+くん | AF4: (名前)+さん | AG4: (名前)+ちゃん | AH4: アタクシ | AI4: ゥチ | AJ4: うら（山梨県の一人称／男女の区別無し） | AK4: オレ | AL4: おれ（方言の文脈で） | AM4: おれちゃん | AN4: こっち | AO4: この人 | AP4: ぼく | AQ4: ボク | AR4: みー | AS4: 俺ちゃん | AT4: 己 | AU4: 私 | AV4: 苗字 | AW4: 余 | AX4: 儂 | AY4: あたし | AZ4: おじさん | BA4: 朕 | BB4: わし
A5: 0 | B5: =(COUNTA(集計用!$Q:$Q)-1)-COUNTIF(集計用!$K:$K, "無回答") -> 443 | C5: 全回答者 | D5: =COUNTIFS(集計用!$P:$P, "*"&D$4&",*")/$B5*100 -> 1.5801354 | E5: =COUNTIFS(集計用!$P:$P, "*"&E$4&",*")/$B5*100 -> 1.5801354 | F5: =COUNTIFS(集計用!$P:$P, "*"&F$4&",*")/$B5*100 -> 1.1286682 | G5: =COUNTIFS(集計用!$P:$P, "*"&G$4&",*")/$B5*100 -> 1.1286682 | H5: =COUNTIFS(集計用!$P:$P, "*"&H$4&",*")/$B5*100 -> 0.90293454 | I5: =COUNTIFS(集計用!$P:$P, "*"&I$4&",*")/$B5*100 -> 0.6772009 | J5: =COUNTIFS(集計用!$P:$P, "*"&J$4&",*")/$B5*100 -> 0.6772009 | K5: =COUNTIFS(集計用!$P:$P, "*"&K$4&",*")/$B5*100 -> 0.6772009 | ... BB5: =COUNTIFS(集計用!$P:$P, "*"&BB$4&",*")/$B5*100 -> 0.22573363
A6: 1 | B6: =(COUNTIFS(集計用!$G:$G,"*, "&$C6&",*",集計用!$Q:$Q,"<>無回答")) -> 256 | C6: ノンバイナリー | D6: =COUNTIFS(集計用!$P:$P, "*"&D$4&",*",集計用!$G:$G,"*, "&$C6&", *")/$B6*100 -> 1.5625 | E6: =COUNTIFS(集計用!$P:$P, "*"&E$4&",*",集計用!$G:$G,"*, "&$C6&", *")/$B6*100 -> 1.953125 | F6: =COUNTIFS(集計用!$P:$P, "*"&F$4&",*",集計用!$G:$G,"*, "&$C6&", *")/$B6*100 -> 1.171875 | G6: =COUNTIFS(集計用!$P:$P, "*"&G$4&",*",集計用!$G:$G,"*, "&$C6&", *")/$B6*100 -> 0.78125 | H6: =COUNTIFS(集計用!$P:$P, "*"&H$4&",*",集計用!$G:$G,"*, "&$C6&", *")/$B6*100 -> 0.78125 | I6: =COUNTIFS(集計用!$P:$P, "*"&I$4&",*",集計用!$G:$G,"*, "&$C6&", *")/$B6*100 -> 0.78125 | J6: =COUNTIFS(集計用!$P:$P, "*"&J$4&",*",集計用!$G:$G,"*, "&$C6&", *")/$B6*100 -> 1.171875 | K6: =COUNTIFS(集計用!$P:$P, "*"&K$4&",*",集計用!$G:$G,"*, "&$C6&", *")/$B6*100 -> 0.78125 | ... BB6: =COUNTIFS(集計用!$P:$P, "*"&BB$4&",*",集計用!$G:$G,"*, "&$C6&", *")/$B6*100 -> 0.390625
A7: 1 | B7: =(COUNTIFS(集計用!$G:$G,"*, "&$C7&",*",集計用!$Q:$Q,"<>無回答")) -> 144 | C7: クィア／Queer | D7: =COUNTIFS(集計用!$P:$P, "*"&D$4&",*",集計用!$G:$G,"*, "&$C7&", *")/$B7*100 -> 2.0833333 | E7: =COUNTIFS(集計用!$P:$P, "*"&E$4&",*",集計用!$G:$G,"*, "&$C7&", *")/$B7*100 -> 0.69444444 | F7: =COUNTIFS(集計用!$P:$P, "*"&F$4&",*",集計用!$G:$G,"*, "&$C7&", *")/$B7*100 -> 1.3888889 | G7: =COUNTIFS(集計用!$P:$P, "*"&G$4&",*",集計用!$G:$G,"*, "&$C7&", *")/$B7*100 -> 0.69444444 | H7: =COUNTIFS(集計用!$P:$P, "*"&H$4&",*",集計用!$G:$G,"*, "&$C7&", *")/$B7*100 -> 2.0833333 | I7: =COUNTIFS(集計用!$P:$P, "*"&I$4&",*",集計用!$G:$G,"*, "&$C7&", *")/$B7*100 -> 0.69444444 | J7: =COUNTIFS(集計用!$P:$P, "*"&J$4&",*",集計用!$G:$G,"*, "&$C7&", *")/$B7*100 -> 0.69444444 | K7: =COUNTIFS(集計用!$P:$P, "*"&K$4&",*",集計用!$G:$G,"*, "&$C7&", *")/$B7*100 -> 0.69444444 | ... BB7: =COUNTIFS(集計用!$P:$P, "*"&BB$4&",*",集計用!$G:$G,"*, "&$C7&", *")/$B7*100 -> 0
A8: 2 | B8: =(COUNTIFS(集計用!$G:$G,"*, "&$C8&",*",集計用!$Q:$Q,"<>無回答")) -> 121 | C8: Xジェンダー | D8: =COUNTIFS(集計用!$P:$P, "*"&D$4&",*",集計用!$G:$G,"*, "&$C8&", *")/$B8*100 -> 1.6528926 | E8: =COUNTIFS(集計用!$P:$P, "*"&E$4&",*",集計用!$G:$G,"*, "&$C8&", *")/$B8*100 -> 3.3057851 | F8: =COUNTIFS(集計用!$P:$P, "*"&F$4&",*",集計用!$G:$G,"*, "&$C8&", *")/$B8*100 -> 0.82644628 | G8: =COUNTIFS(集計用!$P:$P, "*"&G$4&",*",集計用!$G:$G,"*, "&$C8&", *")/$B8*100 -> 1.6528926 | H8: =COUNTIFS(集計用!$P:$P, "*"&H$4&",*",集計用!$G:$G,"*, "&$C8&", *")/$B8*100 -> 0 | I8: =COUNTIFS(集計用!$P:$P, "*"&I$4&",*",集計用!$G:$G,"*, "&$C8&", *")/$B8*100 -> 0.82644628 | J8: =COUNTIFS(集計用!$P:$P, "*"&J$4&",*",集計用!$G:$G,"*, "&$C8&", *")/$B8*100 -> 0.82644628 | K8: =COUNTIFS(集計用!$P:$P, "*"&K$4&",*",集計用!$G:$G,"*, "&$C8&", *")/$B8*100 -> 0 | ... BB8: =COUNTIFS(集計用!$P:$P, "*"&BB$4&",*",集計用!$G:$G,"*, "&$C8&", *")/$B8*100 -> 0
A9: 1 | B9: =(COUNTIFS(集計用!$G:$G,"*, "&$C9&",*",集計用!$Q:$Q,"<>無回答")) -> 86 | C9: クエスチョニング | D9: =COUNTIFS(集計用!$P:$P, "*"&D$4&",*",集計用!$G:$G,"*, "&$C9&", *")/$B9*100 -> 2.3255814 | E9: =COUNTIFS(集計用!$P:$P, "*"&E$4&",*",集計用!$G:$G,"*, "&$C9&", *")/$B9*100 -> 3.4883721 | F9: =COUNTIFS(集計用!$P:$P, "*"&F$4&",*",集計用!$G:$G,"*, "&$C9&", *")/$B9*100 -> 1.1627907 | G9: =COUNTIFS(集計用!$P:$P, "*"&G$4&",*",集計用!$G:$G,"*, "&$C9&", *")/$B9*100 -> 0 | H9: =COUNTIFS(集計用!$P:$P, "*"&H$4&",*",集計用!$G:$G,"*, "&$C9&", *")/$B9*100 -> 1.1627907 | I9: =COUNTIFS(集計用!$P:$P, "*"&I$4&",*",集計用!$G:$G,"*, "&$C9&", *")/$B9*100 -> 1.1627907 | J9: =COUNTIFS(集計用!$P:$P, "*"&J$4&",*",集計用!$G:$G,"*, "&$C9&", *")/$B9*100 -> 0 | K9: =COUNTIFS(集計用!$P:$P, "*"&K$4&",*",集計用!$G:$G,"*, "&$C9&", *")/$B9*100 -> 1.1627907 | ... BB9: =COUNTIFS(集計用!$P:$P, "*"&BB$4&",*",集計用!$G:$G,"*, "&$C9&", *")/$B9*100 -> 0
A10: 3 | B10: =(COUNTIFS(集計用!$G:$G,"*, "&$C10&",*",集計用!$Q:$Q,"<>無回答")) -> 86 | C10: 無性 | D10: =COUNTIFS(集計用!$P:$P, "*"&D$4&",*",集計用!$G:$G,"*, "&$C10&", *")/$B10*100 -> 1.1627907 | E10: =COUNTIFS(集計用!$P:$P, "*"&E$4&",*",集計用!$G:$G,"*, "&$C10&", *")/$B10*100 -> 3.4883721 | F10: =COUNTIFS(集計用!$P:$P, "*"&F$4&",*",集計用!$G:$G,"*, "&$C10&", *")/$B10*100 -> 0 | G10: =COUNTIFS(集計用!$P:$P, "*"&G$4&",*",集計用!$G:$G,"*, "&$C10&", *")/$B10*100 -> 1.1627907 | H10: =COUNTIFS(集計用!$P:$P, "*"&H$4&",*",集計用!$G:$G,"*, "&$C10&", *")/$B10*100 -> 0 | I10: =COUNTIFS(集計用!$P:$P, "*"&I$4&",*",集計用!$G:$G,"*, "&$C10&", *")/$B10*100 -> 0 | J10: =COUNTIFS(集計用!$P:$P, "*"&J$4&",*",集計用!$G:$G,"*, "&$C10&", *")/$B10*100 -> 0 | K10: =COUNTIFS(集計用!$P:$P, "*"&K$4&",*",集計用!$G:$G,"*, "&$C10&", *")/$B10*100 -> 1.1627907 | ... BB10: =COUNTIFS(集計用!$P:$P, "*"&BB$4&",*",集計用!$G:$G,"*, "&$C10&", *")/$B10*100 -> 0
A11: 4 | B11: =(COUNTIFS(集計用!$G:$G,"*, "&$C11&",*",集計用!$Q:$Q,"<>無回答")) -> 75 | C11: （ジェンダー・）フルイド／（ジェンダー・）フリュイド／（ジェンダー・）フルイッド | D11: =COUNTIFS(集計用!$P:$P, "*"&D$4&",*",集計用!$G:$G,"*, "&$C11&", *")/$B11*100 -> 1.3333333 | E11: =COUNTIFS(集計用!$P:$P, "*"&E$4&",*",集計用!$G:$G,"*, "&$C11&", *")/$B11*100 -> 2.6666667 | F11: =COUNTIFS(集計用!$P:$P, "*"&F$4&",*",集計用!$G:$G,"*, "&$C11&", *")/$B11*100 -> 2.6666667 | G11: =COUNTIFS(集計用!$P:$P, "*"&G$4&",*",集計用!$G:$G,"*, "&$C11&", *")/$B11*100 -> 4 | H11: =COUNTIFS(集計用!$P:$P, "*"&H$4&",*",集計用!$G:$G,"*, "&$C11&", *")/$B11*100 -> 0 | I11: =COUNTIFS(集計用!$P:$P, "*"&I$4&",*",集計用!$G:$G,"*, "&$C11&", *")/$B11*100 -> 1.3333333 | J11: =COUNTIFS(集計用!$P:$P, "*"&J$4&",*",集計用!$G:$G,"*, "&$C11&", *")/$B11*100 -> 0 | K11: =COUNTIFS(集計用!$P:$P, "*"&K$4&",*",集計用!$G:$G,"*, "&$C11&", *")/$B11*100 -> 0 | ... BB11: =COUNTIFS(集計用!$P:$P, "*"&BB$4&",*",集計用!$G:$G,"*, "&$C11&", *")/$B11*100 -> 0
A12: 1 | B12: =(COUNTIFS(集計用!$G:$G,"*, "&$C12&",*",集計用!$Q:$Q,"<>無回答")) -> 74 | C12: ジェンダークィア | D12: =COUNTIFS(集計用!$P:$P, "*"&D$4&",*",集計用!$G:$G,"*, "&$C12&", *")/$B12*100 -> 2.7027027 | E12: =COUNTIFS(集計用!$P:$P, "*"&E$4&",*",集計用!$G:$G,"*, "&$C12&", *")/$B12*100 -> 2.7027027 | F12: =COUNTIFS(集計用!$P:$P, "*"&F$4&",*",集計用!$G:$G,"*, "&$C12&", *")/$B12*100 -> 1.3513514 | G12: =COUNTIFS(集計用!$P:$P, "*"&G$4&",*",集計用!$G:$G,"*, "&$C12&", *")/$B12*100 -> 1.3513514 | H12: =COUNTIFS(集計用!$P:$P, "*"&H$4&",*",集計用!$G:$G,"*, "&$C12&", *")/$B12*100 -> 0 | I12: =COUNTIFS(集計用!$P:$P, "*"&I$4&",*",集計用!$G:$G,"*, "&$C12&", *")/$B12*100 -> 1.3513514 | J12: =COUNTIFS(集計用!$P:$P, "*"&J$4&",*",集計用!$G:$G,"*, "&$C12&", *")/$B12*100 -> 0 | K12: =COUNTIFS(集計用!$P:$P, "*"&K$4&",*",集計用!$G:$G,"*, "&$C12&", *")/$B12*100 -> 0 | ... BB12: =COUNTIFS(集計用!$P:$P, "*"&BB$4&",*",集計用!$G:$G,"*, "&$C12&", *")/$B12*100 -> 0
A13: 1 | B13: =(COUNTIFS(集計用!$G:$G,"*, "&$C13&",*",集計用!$Q:$Q,"<>無回答")) -> 71 | C13: 不明／わからない | D13: =COUNTIFS(集計用!$P:$P, "*"&D$4&",*",集計用!$G:$G,"*, "&$C13&", *")/$B13*100 -> 1.4084507 | E13: =COUNTIFS(集計用!$P:$P, "*"&E$4&",*",集計用!$G:$G,"*, "&$C13&", *")/$B13*100 -> 4.2253521 | F13: =COUNTIFS(集計用!$P:$P, "*"&F$4&",*",集計用!$G:$G,"*, "&$C13&", *")/$B13*100 -> 1.4084507 | G13: =COUNTIFS(集計用!$P:$P, "*"&G$4&",*",集計用!$G:$G,"*, "&$C13&", *")/$B13*100 -> 0 | H13: =COUNTIFS(集計用!$P:$P, "*"&H$4&",*",集計用!$G:$G,"*, "&$C13&", *")/$B13*100 -> 1.4084507 | I13: =COUNTIFS(集計用!$P:$P, "*"&I$4&",*",集計用!$G:$G,"*, "&$C13&", *")/$B13*100 -> 2.8169014 | J13: =COUNTIFS(集計用!$P:$P, "*"&J$4&",*",集計用!$G:$G,"*, "&$C13&", *")/$B13*100 -> 0 | K13: =COUNTIFS(集計用!$P:$P, "*"&K$4&",*",集計用!$G:$G,"*, "&$C13&", *")/$B13*100 -> 2.8169014 | ... BB13: =COUNTIFS(集計用!$P:$P, "*"&BB$4&",*",集計用!$G:$G,"*, "&$C13&", *")/$B13*100 -> 0
A14: 3 | B14: =(COUNTIFS(集計用!$G:$G,"*, "&$C14&",*",集計用!$Q:$Q,"<>無回答")) -> 71 | C14: Aジェンダー／エイジェンダー／アジェンダー／agender | D14: =COUNTIFS(集計用!$P:$P, "*"&D$4&",*",集計用!$G:$G,"*, "&$C14&", *")/$B14*100 -> 0 | E14: =COUNTIFS(集計用!$P:$P, "*"&E$4&",*",集計用!$G:$G,"*, "&$C14&", *")/$B14*100 -> 1.4084507 | F14: =COUNTIFS(集計用!$P:$P, "*"&F$4&",*",集計用!$G:$G,"*, "&$C14&", *")/$B14*100 -> 1.4084507 | G14: =COUNTIFS(集計用!$P:$P, "*"&G$4&",*",集計用!$G:$G,"*, "&$C14&", *")/$B14*100 -> 0 | H14: =COUNTIFS(集計用!$P:$P, "*"&H$4&",*",集計用!$G:$G,"*, "&$C14&", *")/$B14*100 -> 1.4084507 | I14: =COUNTIFS(集計用!$P:$P, "*"&I$4&",*",集計用!$G:$G,"*, "&$C14&", *")/$B14*100 -> 1.4084507 | J14: =COUNTIFS(集計用!$P:$P, "*"&J$4&",*",集計用!$G:$G,"*, "&$C14&", *")/$B14*100 -> 1.4084507 | K14: =COUNTIFS(集計用!$P:$P, "*"&K$4&",*",集計用!$G:$G,"*, "&$C14&", *")/$B14*100 -> 0 | ... BB14: =COUNTIFS(集計用!$P:$P, "*"&BB$4&",*",集計用!$G:$G,"*, "&$C14&", *")/$B14*100 -> 1.4084507
A15: 2 | B15: =(COUNTIFS(集計用!$G:$G,"*, "&$C15&",*",集計用!$Q:$Q,"<>無回答")) -> 69 | C15: X | D15: =COUNTIFS(集計用!$P:$P, "*"&D$4&",*",集計用!$G:$G,"*, "&$C15&", *")/$B15*100 -> 1.4492754 | E15: =COUNTIFS(集計用!$P:$P, "*"&E$4&",*",集計用!$G:$G,"*, "&$C15&", *")/$B15*100 -> 4.3478261 | F15: =COUNTIFS(集計用!$P:$P, "*"&F$4&",*",集計用!$G:$G,"*, "&$C15&", *")/$B15*100 -> 0 | G15: =COUNTIFS(集計用!$P:$P, "*"&G$4&",*",集計用!$G:$G,"*, "&$C15&", *")/$B15*100 -> 1.4492754 | H15: =COUNTIFS(集計用!$P:$P, "*"&H$4&",*",集計用!$G:$G,"*, "&$C15&", *")/$B15*100 -> 0 | I15: =COUNTIFS(集計用!$P:$P, "*"&I$4&",*",集計用!$G:$G,"*, "&$C15&", *")/$B15*100 -> 0 | J15: =COUNTIFS(集計用!$P:$P, "*"&J$4&",*",集計用!$G:$G,"*, "&$C15&", *")/$B15*100 -> 1.4492754 | K15: =COUNTIFS(集計用!$P:$P, "*"&K$4&",*",集計用!$G:$G,"*, "&$C15&", *")/$B15*100 -> 0 | ... BB15: =COUNTIFS(集計用!$P:$P, "*"&BB$4&",*",集計用!$G:$G,"*, "&$C15&", *")/$B15*100 -> 0
A16: 5 | B16: =(COUNTIFS(集計用!$G:$G,"*, "&$C16&",*",集計用!$Q:$Q,"<>無回答")) -> 60 | C16: トランスジェンダー | D16: =COUNTIFS(集計用!$P:$P, "*"&D$4&",*",集計用!$G:$G,"*, "&$C16&", *")/$B16*100 -> 0 | E16: =COUNTIFS(集計用!$P:$P, "*"&E$4&",*",集計用!$G:$G,"*, "&$C16&", *")/$B16*100 -> 0 | F16: =COUNTIFS(集計用!$P:$P, "*"&F$4&",*",集計用!$G:$G,"*, "&$C16&", *")/$B16*100 -> 0 | G16: =COUNTIFS(集計用!$P:$P, "*"&G$4&",*",集計用!$G:$G,"*, "&$C16&", *")/$B16*100 -> 1.6666667 | H16: =COUNTIFS(集計用!$P:$P, "*"&H$4&",*",集計用!$G:$G,"*, "&$C16&", *")/$B16*100 -> 0 | I16: =COUNTIFS(集計用!$P:$P, "*"&I$4&",*",集計用!$G:$G,"*, "&$C16&", *")/$B16*100 -> 0 | J16: =COUNTIFS(集計用!$P:$P, "*"&J$4&",*",集計用!$G:$G,"*, "&$C16&", *")/$B16*100 -> 0 | K16: =COUNTIFS(集計用!$P:$P, "*"&K$4&",*",集計用!$G:$G,"*, "&$C16&", *")/$B16*100 -> 0 | ... BB16: =COUNTIFS(集計用!$P:$P, "*"&BB$4&",*",集計用!$G:$G,"*, "&$C16&", *")/$B16*100 -> 0
A17: 2 | B17: =(COUNTIFS(集計用!$G:$G,"*, "&$C17&",*",集計用!$Q:$Q,"<>無回答")) -> 60 | C17: 中性 | D17: =COUNTIFS(集計用!$P:$P, "*"&D$4&",*",集計用!$G:$G,"*, "&$C17&", *")/$B17*100 -> 3.3333333 | E17: =COUNTIFS(集計用!$P:$P, "*"&E$4&",*",集計用!$G:$G,"*, "&$C17&", *")/$B17*100 -> 0 | F17: =COUNTIFS(集計用!$P:$P, "*"&F$4&",*",集計用!$G:$G,"*, "&$C17&", *")/$B17*100 -> 1.6666667 | G17: =COUNTIFS(集計用!$P:$P, "*"&G$4&",*",集計用!$G:$G,"*, "&$C17&", *")/$B17*100 -> 3.3333333 | H17: =COUNTIFS(集計用!$P:$P, "*"&H$4&",*",集計用!$G:$G,"*, "&$C17&", *")/$B17*100 -> 0 | I17: =COUNTIFS(集計用!$P:$P, "*"&I$4&",*",集計用!$G:$G,"*, "&$C17&", *")/$B17*100 -> 1.6666667 | J17: =COUNTIFS(集計用!$P:$P, "*"&J$4&",*",集計用!$G:$G,"*, "&$C17&", *")/$B17*100 -> 0 | K17: =COUNTIFS(集計用!$P:$P, "*"&K$4&",*",集計用!$G:$G,"*, "&$C17&", *")/$B17*100 -> 0 | ... BB17: =COUNTIFS(集計用!$P:$P, "*"&BB$4&",*",集計用!$G:$G,"*, "&$C17&", *")/$B17*100 -> 0
... A57: 4 | B57: =(COUNTIFS(集計用!$G:$G,"*, "&$C57&",*",集計用!$Q:$Q,"<>無回答")) -> 5 | C57: 少女 | D57: =COUNTIFS(集計用!$P:$P, "*"&D$4&",*",集計用!$G:$G,"*, "&$C57&", *")/$B57*100 -> 0 | E57: =COUNTIFS(集計用!$P:$P, "*"&E$4&",*",集計用!$G:$G,"*, "&$C57&", *")/$B57*100 -> 0 | F57: =COUNTIFS(集計用!$P:$P, "*"&F$4&",*",集計用!$G:$G,"*, "&$C57&", *")/$B57*100 -> 0 | G57: =COUNTIFS(集計用!$P:$P, "*"&G$4&",*",集計用!$G:$G,"*, "&$C57&", *")/$B57*100 -> 0 | H57: =COUNTIFS(集計用!$P:$P, "*"&H$4&",*",集計用!$G:$G,"*, "&$C57&", *")/$B57*100 -> 0 | I57: =COUNTIFS(集計用!$P:$P, "*"&I$4&",*",集計用!$G:$G,"*, "&$C57&", *")/$B57*100 -> 0 | J57: =COUNTIFS(集計用!$P:$P, "*"&J$4&",*",集計用!$G:$G,"*, "&$C57&", *")/$B57*100 -> 0 | K57: =COUNTIFS(集計用!$P:$P, "*"&K$4&",*",集計用!$G:$G,"*, "&$C57&", *")/$B57*100 -> 0 | ... BB57: =COUNTIFS(集計用!$P:$P, "*"&BB$4&",*",集計用!$G:$G,"*, "&$C57&", *")/$B57*100 -> 0
A58: NA | B58: =(COUNTIFS(集計用!$G:$G,"*, "&$C58&",*",集計用!$Q:$Q,"<>無回答")) -> 4 | C58: ダイク／dyke | D58: =COUNTIFS(集計用!$P:$P, "*"&D$4&",*",集計用!$G:$G,"*, "&$C58&", *")/$B58*100 -> 0 | E58: =COUNTIFS(集計用!$P:$P, "*"&E$4&",*",集計用!$G:$G,"*, "&$C58&", *")/$B58*100 -> 0 | F58: =COUNTIFS(集計用!$P:$P, "*"&F$4&",*",集計用!$G:$G,"*, "&$C58&", *")/$B58*100 -> 0 | G58: =COUNTIFS(集計用!$P:$P, "*"&G$4&",*",集計用!$G:$G,"*, "&$C58&", *")/$B58*100 -> 0 | H58: =COUNTIFS(集計用!$P:$P, "*"&H$4&",*",集計用!$G:$G,"*, "&$C58&", *")/$B58*100 -> 0 | I58: =COUNTIFS(集計用!$P:$P, "*"&I$4&",*",集計用!$G:$G,"*, "&$C58&", *")/$B58*100 -> 0 | J58: =COUNTIFS(集計用!$P:$P, "*"&J$4&",*",集計用!$G:$G,"*, "&$C58&", *")/$B58*100 -> 0 | K58: =COUNTIFS(集計用!$P:$P, "*"&K$4&",*",集計用!$G:$G,"*, "&$C58&", *")/$B58*100 -> 0 | ... BB58: =COUNTIFS(集計用!$P:$P, "*"&BB$4&",*",集計用!$G:$G,"*, "&$C58&", *")/$B58*100 -> 0
A59: NA | B59: =(COUNTIFS(集計用!$G:$G,"*, "&$C59&",*",集計用!$Q:$Q,"<>無回答")) -> 4 | C59: ブッチ／butch | D59: =COUNTIFS(集計用!$P:$P, "*"&D$4&",*",集計用!$G:$G,"*, "&$C59&", *")/$B59*100 -> 0 | E59: =COUNTIFS(集計用!$P:$P, "*"&E$4&",*",集計用!$G:$G,"*, "&$C59&", *")/$B59*100 -> 0 | F59: =COUNTIFS(集計用!$P:$P, "*"&F$4&",*",集計用!$G:$G,"*, "&$C59&", *")/$B59*100 -> 0 | G59: =COUNTIFS(集計用!$P:$P, "*"&G$4&",*",集計用!$G:$G,"*, "&$C59&", *")/$B59*100 -> 0 | H59: =COUNTIFS(集計用!$P:$P, "*"&H$4&",*",集計用!$G:$G,"*, "&$C59&", *")/$B59*100 -> 0 | I59: =COUNTIFS(集計用!$P:$P, "*"&I$4&",*",集計用!$G:$G,"*, "&$C59&", *")/$B59*100 -> 0 | J59: =COUNTIFS(集計用!$P:$P, "*"&J$4&",*",集計用!$G:$G,"*, "&$C59&", *")/$B59*100 -> 0 | K59: =COUNTIFS(集計用!$P:$P, "*"&K$4&",*",集計用!$G:$G,"*, "&$C59&", *")/$B59*100 -> 0 | ... BB59: =COUNTIFS(集計用!$P:$P, "*"&BB$4&",*",集計用!$G:$G,"*, "&$C59&", *")/$B59*100 -> 0
A60: NA | B60: =(COUNTIFS(集計用!$G:$G,"*, "&$C60&",*",集計用!$Q:$Q,"<>無回答")) -> 3 | C60: おかま | D60: =COUNTIFS(集計用!$P:$P, "*"&D$4&",*",集計用!$G:$G,"*, "&$C60&", *")/$B60*100 -> 33.333333 | E60: =COUNTIFS(集計用!$P:$P, "*"&E$4&",*",集計用!$G:$G,"*, "&$C60&", *")/$B60*100 -> 0 | F60: =COUNTIFS(集計用!$P:$P, "*"&F$4&",*",集計用!$G:$G,"*, "&$C60&", *")/$B60*100 -> 0 | G60: =COUNTIFS(集計用!$P:$P, "*"&G$4&",*",集計用!$G:$G,"*, "&$C60&", *")/$B60*100 -> 0 | H60: =COUNTIFS(集計用!$P:$P, "*"&H$4&",*",集計用!$G:$G,"*, "&$C60&", *")/$B60*100 -> 0 | I60: =COUNTIFS(集計用!$P:$P, "*"&I$4&",*",集計用!$G:$G,"*, "&$C60&", *")/$B60*100 -> 0 | J60: =COUNTIFS(集計用!$P:$P, "*"&J$4&",*",集計用!$G:$G,"*, "&$C60&", *")/$B60*100 -> 0 | K60: =COUNTIFS(集計用!$P:$P, "*"&K$4&",*",集計用!$G:$G,"*, "&$C60&", *")/$B60*100 -> 0 | ... BB60: =COUNTIFS(集計用!$P:$P, "*"&BB$4&",*",集計用!$G:$G,"*, "&$C60&", *")/$B60*100 -> 0
A61: NA | B61: =(COUNTIFS(集計用!$G:$G,"*, "&$C61&",*",集計用!$Q:$Q,"<>無回答")) -> 2 | C61: ニューハーフ | D61: =COUNTIFS(集計用!$P:$P, "*"&D$4&",*",集計用!$G:$G,"*, "&$C61&", *")/$B61*100 -> 0 | E61: =COUNTIFS(集計用!$P:$P, "*"&E$4&",*",集計用!$G:$G,"*, "&$C61&", *")/$B61*100 -> 0 | F61: =COUNTIFS(集計用!$P:$P, "*"&F$4&",*",集計用!$G:$G,"*, "&$C61&", *")/$B61*100 -> 0 | G61: =COUNTIFS(集計用!$P:$P, "*"&G$4&",*",集計用!$G:$G,"*, "&$C61&", *")/$B61*100 -> 0 | H61: =COUNTIFS(集計用!$P:$P, "*"&H$4&",*",集計用!$G:$G,"*, "&$C61&", *")/$B61*100 -> 0 | I61: =COUNTIFS(集計用!$P:$P, "*"&I$4&",*",集計用!$G:$G,"*, "&$C61&", *")/$B61*100 -> 0 | J61: =COUNTIFS(集計用!$P:$P, "*"&J$4&",*",集計用!$G:$G,"*, "&$C61&", *")/$B61*100 -> 0 | K61: =COUNTIFS(集計用!$P:$P, "*"&K$4&",*",集計用!$G:$G,"*, "&$C61&", *")/$B61*100 -> 0 | ... BB61: =COUNTIFS(集計用!$P:$P, "*"&BB$4&",*",集計用!$G:$G,"*, "&$C61&", *")/$B61*100 -> 0
A62: NA | B62: =(COUNTIFS(集計用!$G:$G,"*, "&$C62&",*",集計用!$Q:$Q,"<>無回答")) -> 1 | C62: おなべ | D62: =COUNTIFS(集計用!$P:$P, "*"&D$4&",*",集計用!$G:$G,"*, "&$C62&", *")/$B62*100 -> 0 | E62: =COUNTIFS(集計用!$P:$P, "*"&E$4&",*",集計用!$G:$G,"*, "&$C62&", *")/$B62*100 -> 0 | F62: =COUNTIFS(集計用!$P:$P, "*"&F$4&",*",集計用!$G:$G,"*, "&$C62&", *")/$B62*100 -> 0 | G62: =COUNTIFS(集計用!$P:$P, "*"&G$4&",*",集計用!$G:$G,"*, "&$C62&", *")/$B62*100 -> 0 | H62: =COUNTIFS(集計用!$P:$P, "*"&H$4&",*",集計用!$G:$G,"*, "&$C62&", *")/$B62*100 -> 0 | I62: =COUNTIFS(集計用!$P:$P, "*"&I$4&",*",集計用!$G:$G,"*, "&$C62&", *")/$B62*100 -> 0 | J62: =COUNTIFS(集計用!$P:$P, "*"&J$4&",*",集計用!$G:$G,"*, "&$C62&", *")/$B62*100 -> 0 | K62: =COUNTIFS(集計用!$P:$P, "*"&K$4&",*",集計用!$G:$G,"*, "&$C62&", *")/$B62*100 -> 0 | ... BB62: =COUNTIFS(集計用!$P:$P, "*"&BB$4&",*",集計用!$G:$G,"*, "&$C62&", *")/$B62*100 -> 0

Sheet A5a.ジェンダーと三人称 (日,選択式)
A1: 表A5a：ジェンダー・ラベルごとの日本語三人称（選択式, %）
C3: n | D3: =COUNTIFS(集計用!$R:$R, "*, "&D$4&", *") -> 248 | E3: =COUNTIFS(集計用!$R:$R, "*, "&E$4&", *") -> 131 | F3: =COUNTIFS(集計用!$R:$R, "*, "&F$4&", *") -> 72 | G3: =COUNTIFS(集計用!$R:$R, "*, "&G$4&", *") -> 60 | H3: =COUNTIFS(集計用!$R:$R, "*, "&H$4&", *") -> 60 | I3: =COUNTIFS(集計用!$R:$R, "*, "&I$4&", *") -> 49 | J3: =COUNTIFS(集計用!$R:$R, "*, "&J$4&", *") -> 32 | K3: =COUNTIFS(集計用!$R:$R, "*, "&K$4&", *") -> 31 | ... M3: =COUNTIFS(集計用!$R:$R, "*, "&M$4&", *") -> 2
A4: cluster | B4: n= | C4: ジェンダー・ラベル | D4: （自分（たち）の名前） | E4: （三人称で言及してほしくない） | F4: （any／問わない／どれでもよい） | G4: 彼 | H4: 彼女 | I4: 彼人（かのひと） | J4: かれ | K4: 彼人（かのと） | L4: 渠（かれ） | M4: 彼男（かのだん）
A5: 0 | B5: =COUNTA(集計用!$T:$T)-1-COUNTIF(集計用!$T:$T, "無回答 , ") -> 426 | C5: 全回答者 | D5: =COUNTIFS(集計用!$R:$R, "*, "&D$4&", *")/$B5*100 -> 58.215962 | E5: =COUNTIFS(集計用!$R:$R, "*, "&E$4&", *")/$B5*100 -> 30.751174 | F5: =COUNTIFS(集計用!$R:$R, "*, "&F$4&", *")/$B5*100 -> 16.901408 | G5: =COUNTIFS(集計用!$R:$R, "*, "&G$4&", *")/$B5*100 -> 14.084507 | H5: =COUNTIFS(集計用!$R:$R, "*, "&H$4&", *")/$B5*100 -> 14.084507 | I5: =COUNTIFS(集計用!$R:$R, "*, "&I$4&", *")/$B5*100 -> 11.502347 | J5: =COUNTIFS(集計用!$R:$R, "*, "&J$4&", *")/$B5*100 -> 7.5117371 | K5: =COUNTIFS(集計用!$R:$R, "*, "&K$4&", *")/$B5*100 -> 7.2769953 | ... M5: =COUNTIFS(集計用!$R:$R, "*, "&M$4&", *")/$B5*100 -> 0.46948357
A6: 1 | B6: =(COUNTIFS(集計用!$G:$G,"*, "&$C6&",*",集計用!$T:$T, "<>無回答")) -> 256 | C6: ノンバイナリー | D6: =COUNTIFS(集計用!$R:$R, "*, "&D$4&", *",集計用!$G:$G,"*, "&$C6&", *")/$B6*100 -> 52.34375 | E6: =COUNTIFS(集計用!$R:$R, "*, "&E$4&", *",集計用!$G:$G,"*, "&$C6&", *")/$B6*100 -> 28.515625 | F6: =COUNTIFS(集計用!$R:$R, "*, "&F$4&", *",集計用!$G:$G,"*, "&$C6&", *")/$B6*100 -> 18.359375 | G6: =COUNTIFS(集計用!$R:$R, "*, "&G$4&", *",集計用!$G:$G,"*, "&$C6&", *")/$B6*100 -> 12.5 | H6: =COUNTIFS(集計用!$R:$R, "*, "&H$4&", *",集計用!$G:$G,"*, "&$C6&", *")/$B6*100 -> 12.109375 | I6: =COUNTIFS(集計用!$R:$R, "*, "&I$4&", *",集計用!$G:$G,"*, "&$C6&", *")/$B6*100 -> 12.890625 | J6: =COUNTIFS(集計用!$R:$R, "*, "&J$4&", *",集計用!$G:$G,"*, "&$C6&", *")/$B6*100 -> 8.203125 | K6: =COUNTIFS(集計用!$R:$R, "*, "&K$4&", *",集計用!$G:$G,"*, "&$C6&", *")/$B6*100 -> 8.984375 | ... M6: =COUNTIFS(集計用!$R:$R, "*, "&M$4&", *",集計用!$G:$G,"*, "&$C6&", *")/$B6*100 -> 0.390625
A7: 1 | B7: =(COUNTIFS(集計用!$G:$G,"*, "&$C7&",*",集計用!$T:$T, "<>無回答")) -> 144 | C7: クィア／Queer | D7: =COUNTIFS(集計用!$R:$R, "*, "&D$4&", *",集計用!$G:$G,"*, "&$C7&", *")/$B7*100 -> 56.944444 | E7: =COUNTIFS(集計用!$R:$R, "*, "&E$4&", *",集計用!$G:$G,"*, "&$C7&", *")/$B7*100 -> 28.472222 | F7: =COUNTIFS(集計用!$R:$R, "*, "&F$4&", *",集計用!$G:$G,"*, "&$C7&", *")/$B7*100 -> 17.361111 | G7: =COUNTIFS(集計用!$R:$R, "*, "&G$4&", *",集計用!$G:$G,"*, "&$C7&", *")/$B7*100 -> 13.194444 | H7: =COUNTIFS(集計用!$R:$R, "*, "&H$4&", *",集計用!$G:$G,"*, "&$C7&", *")/$B7*100 -> 12.5 | I7: =COUNTIFS(集計用!$R:$R, "*, "&I$4&", *",集計用!$G:$G,"*, "&$C7&", *")/$B7*100 -> 13.888889 | J7: =COUNTIFS(集計用!$R:$R, "*, "&J$4&", *",集計用!$G:$G,"*, "&$C7&", *")/$B7*100 -> 11.111111 | K7: =COUNTIFS(集計用!$R:$R, "*, "&K$4&", *",集計用!$G:$G,"*, "&$C7&", *")/$B7*100 -> 10.416667 | ... M7: =COUNTIFS(集計用!$R:$R, "*, "&M$4&", *",集計用!$G:$G,"*, "&$C7&", *")/$B7*100 -> 0.69444444
A8: 2 | B8: =(COUNTIFS(集計用!$G:$G,"*, "&$C8&",*",集計用!$T:$T, "<>無回答")) -> 121 | C8: Xジェンダー | D8: =COUNTIFS(集計用!$R:$R, "*, "&D$4&", *",集計用!$G:$G,"*, "&$C8&", *")/$B8*100 -> 54.545455 | E8: =COUNTIFS(集計用!$R:$R, "*, "&E$4&", *",集計用!$G:$G,"*, "&$C8&", *")/$B8*100 -> 32.231405 | F8: =COUNTIFS(集計用!$R:$R, "*, "&F$4&", *",集計用!$G:$G,"*, "&$C8&", *")/$B8*100 -> 19.834711 | G8: =COUNTIFS(集計用!$R:$R, "*, "&G$4&", *",集計用!$G:$G,"*, "&$C8&", *")/$B8*100 -> 12.396694 | H8: =COUNTIFS(集計用!$R:$R, "*, "&H$4&", *",集計用!$G:$G,"*, "&$C8&", *")/$B8*100 -> 14.876033 | I8: =COUNTIFS(集計用!$R:$R, "*, "&I$4&", *",集計用!$G:$G,"*, "&$C8&", *")/$B8*100 -> 9.0909091 | J8: =COUNTIFS(集計用!$R:$R, "*, "&J$4&", *",集計用!$G:$G,"*, "&$C8&", *")/$B8*100 -> 7.4380165 | K8: =COUNTIFS(集計用!$R:$R, "*, "&K$4&", *",集計用!$G:$G,"*, "&$C8&", *")/$B8*100 -> 4.9586777 | ... M8: =COUNTIFS(集計用!$R:$R, "*, "&M$4&", *",集計用!$G:$G,"*, "&$C8&", *")/$B8*100 -> 0.82644628
A9: 1 | B9: =(COUNTIFS(集計用!$G:$G,"*, "&$C9&",*",集計用!$T:$T, "<>無回答")) -> 86 | C9: クエスチョニング | D9: =COUNTIFS(集計用!$R:$R, "*, "&D$4&", *",集計用!$G:$G,"*, "&$C9&", *")/$B9*100 -> 60.465116 | E9: =COUNTIFS(集計用!$R:$R, "*, "&E$4&", *",集計用!$G:$G,"*, "&$C9&", *")/$B9*100 -> 30.232558 | F9: =COUNTIFS(集計用!$R:$R, "*, "&F$4&", *",集計用!$G:$G,"*, "&$C9&", *")/$B9*100 -> 20.930233 | G9: =COUNTIFS(集計用!$R:$R, "*, "&G$4&", *",集計用!$G:$G,"*, "&$C9&", *")/$B9*100 -> 12.790698 | H9: =COUNTIFS(集計用!$R:$R, "*, "&H$4&", *",集計用!$G:$G,"*, "&$C9&", *")/$B9*100 -> 8.1395349 | I9: =COUNTIFS(集計用!$R:$R, "*, "&I$4&", *",集計用!$G:$G,"*, "&$C9&", *")/$B9*100 -> 13.953488 | J9: =COUNTIFS(集計用!$R:$R, "*, "&J$4&", *",集計用!$G:$G,"*, "&$C9&", *")/$B9*100 -> 6.9767442 | K9: =COUNTIFS(集計用!$R:$R, "*, "&K$4&", *",集計用!$G:$G,"*, "&$C9&", *")/$B9*100 -> 11.627907 | ... M9: =COUNTIFS(集計用!$R:$R, "*, "&M$4&", *",集計用!$G:$G,"*, "&$C9&", *")/$B9*100 -> 1.1627907
A10: 3 | B10: =(COUNTIFS(集計用!$G:$G,"*, "&$C10&",*",集計用!$T:$T, "<>無回答")) -> 86 | C10: 無性 | D10: =COUNTIFS(集計用!$R:$R, "*, "&D$4&", *",集計用!$G:$G,"*, "&$C10&", *")/$B10*100 -> 50 | E10: =COUNTIFS(集計用!$R:$R, "*, "&E$4&", *",集計用!$G:$G,"*, "&$C10&", *")/$B10*100 -> 30.232558 | F10: =COUNTIFS(集計用!$R:$R, "*, "&F$4&", *",集計用!$G:$G,"*, "&$C10&", *")/$B10*100 -> 22.093023 | G10: =COUNTIFS(集計用!$R:$R, "*, "&G$4&", *",集計用!$G:$G,"*, "&$C10&", *")/$B10*100 -> 17.44186 | H10: =COUNTIFS(集計用!$R:$R, "*, "&H$4&", *",集計用!$G:$G,"*, "&$C10&", *")/$B10*100 -> 18.604651 | I10: =COUNTIFS(集計用!$R:$R, "*, "&I$4&", *",集計用!$G:$G,"*, "&$C10&", *")/$B10*100 -> 11.627907 | J10: =COUNTIFS(集計用!$R:$R, "*, "&J$4&", *",集計用!$G:$G,"*, "&$C10&", *")/$B10*100 -> 10.465116 | K10: =COUNTIFS(集計用!$R:$R, "*, "&K$4&", *",集計用!$G:$G,"*, "&$C10&", *")/$B10*100 -> 10.465116 | ... M10: =COUNTIFS(集計用!$R:$R, "*, "&M$4&", *",集計用!$G:$G,"*, "&$C10&", *")/$B10*100 -> 1.1627907
A11: 4 | B11: =(COUNTIFS(集計用!$G:$G,"*, "&$C11&",*",集計用!$T:$T, "<>無回答")) -> 75 | C11: （ジェンダー・）フルイド／（ジェンダー・）フリュイド／（ジェンダー・）フルイッド | D11: =COUNTIFS(集計用!$R:$R, "*, "&D$4&", *",集計用!$G:$G,"*, "&$C11&", *")/$B11*100 -> 53.333333 | E11: =COUNTIFS(集計用!$R:$R, "*, "&E$4&", *",集計用!$G:$G,"*, "&$C11&", *")/$B11*100 -> 34.666667 | F11: =COUNTIFS(集計用!$R:$R, "*, "&F$4&", *",集計用!$G:$G,"*, "&$C11&", *")/$B11*100 -> 22.666667 | G11: =COUNTIFS(集計用!$R:$R, "*, "&G$4&", *",集計用!$G:$G,"*, "&$C11&", *")/$B11*100 -> 12 | H11: =COUNTIFS(集計用!$R:$R, "*, "&H$4&", *",集計用!$G:$G,"*, "&$C11&", *")/$B11*100 -> 13.333333 | I11: =COUNTIFS(集計用!$R:$R, "*, "&I$4&", *",集計用!$G:$G,"*, "&$C11&", *")/$B11*100 -> 13.333333 | J11: =COUNTIFS(集計用!$R:$R, "*, "&J$4&", *",集計用!$G:$G,"*, "&$C11&", *")/$B11*100 -> 8 | K11: =COUNTIFS(集計用!$R:$R, "*, "&K$4&", *",集計用!$G:$G,"*, "&$C11&", *")/$B11*100 -> 10.666667 | ... M11: =COUNTIFS(集計用!$R:$R, "*, "&M$4&", *",集計用!$G:$G,"*, "&$C11&", *")/$B11*100 -> 1.3333333
A12: 1 | B12: =(COUNTIFS(集計用!$G:$G,"*, "&$C12&",*",集計用!$T:$T, "<>無回答")) -> 74 | C12: ジェンダークィア | D12: =COUNTIFS(集計用!$R:$R, "*, "&D$4&", *",集計用!$G:$G,"*, "&$C12&", *")/$B12*100 -> 55.405405 | E12: =COUNTIFS(集計用!$R:$R, "*, "&E$4&", *",集計用!$G:$G,"*, "&$C12&", *")/$B12*100 -> 29.72973 | F12: =COUNTIFS(集計用!$R:$R, "*, "&F$4&", *",集計用!$G:$G,"*, "&$C12&", *")/$B12*100 -> 14.864865 | G12: =COUNTIFS(集計用!$R:$R, "*, "&G$4&", *",集計用!$G:$G,"*, "&$C12&", *")/$B12*100 -> 12.162162 | H12: =COUNTIFS(集計用!$R:$R, "*, "&H$4&", *",集計用!$G:$G,"*, "&$C12&", *")/$B12*100 -> 8.1081081 | I12: =COUNTIFS(集計用!$R:$R, "*, "&I$4&", *",集計用!$G:$G,"*, "&$C12&", *")/$B12*100 -> 21.621622 | J12: =COUNTIFS(集計用!$R:$R, "*, "&J$4&", *",集計用!$G:$G,"*, "&$C12&", *")/$B12*100 -> 12.162162 | K12: =COUNTIFS(集計用!$R:$R, "*, "&K$4&", *",集計用!$G:$G,"*, "&$C12&", *")/$B12*100 -> 12.162162 | ... M12: =COUNTIFS(集計用!$R:$R, "*, "&M$4&", *",集計用!$G:$G,"*, "&$C12&", *")/$B12*100 -> 1.3513514
A13: 1 | B13: =(COUNTIFS(集計用!$G:$G,"*, "&$C13&",*",集計用!$T:$T, "<>無回答")) -> 71 | C13: 不明／わからない | D13: =COUNTIFS(集計用!$R:$R, "*, "&D$4&", *",集計用!$G:$G,"*, "&$C13&", *")/$B13*100 -> 57.746479 | E13: =COUNTIFS(集計用!$R:$R, "*, "&E$4&", *",集計用!$G:$G,"*, "&$C13&", *")/$B13*100 -> 28.169014 | F13: =COUNTIFS(集計用!$R:$R, "*, "&F$4&", *",集計用!$G:$G,"*, "&$C13&", *")/$B13*100 -> 22.535211 | G13: =COUNTIFS(集計用!$R:$R, "*, "&G$4&", *",集計用!$G:$G,"*, "&$C13&", *")/$B13*100 -> 15.492958 | H13: =COUNTIFS(集計用!$R:$R, "*, "&H$4&", *",集計用!$G:$G,"*, "&$C13&", *")/$B13*100 -> 14.084507 | I13: =COUNTIFS(集計用!$R:$R, "*, "&I$4&", *",集計用!$G:$G,"*, "&$C13&", *")/$B13*100 -> 16.901408 | J13: =COUNTIFS(集計用!$R:$R, "*, "&J$4&", *",集計用!$G:$G,"*, "&$C13&", *")/$B13*100 -> 8.4507042 | K13: =COUNTIFS(集計用!$R:$R, "*, "&K$4&", *",集計用!$G:$G,"*, "&$C13&", *")/$B13*100 -> 11.267606 | ... M13: =COUNTIFS(集計用!$R:$R, "*, "&M$4&", *",集計用!$G:$G,"*, "&$C13&", *")/$B13*100 -> 1.4084507
A14: 3 | B14: =(COUNTIFS(集計用!$G:$G,"*, "&$C14&",*",集計用!$T:$T, "<>無回答")) -> 71 | C14: Aジェンダー／エイジェンダー／アジェンダー／agender | D14: =COUNTIFS(集計用!$R:$R, "*, "&D$4&", *",集計用!$G:$G,"*, "&$C14&", *")/$B14*100 -> 50.704225 | E14: =COUNTIFS(集計用!$R:$R, "*, "&E$4&", *",集計用!$G:$G,"*, "&$C14&", *")/$B14*100 -> 28.169014 | F14: =COUNTIFS(集計用!$R:$R, "*, "&F$4&", *",集計用!$G:$G,"*, "&$C14&", *")/$B14*100 -> 12.676056 | G14: =COUNTIFS(集計用!$R:$R, "*, "&G$4&", *",集計用!$G:$G,"*, "&$C14&", *")/$B14*100 -> 15.492958 | H14: =COUNTIFS(集計用!$R:$R, "*, "&H$4&", *",集計用!$G:$G,"*, "&$C14&", *")/$B14*100 -> 14.084507 | I14: =COUNTIFS(集計用!$R:$R, "*, "&I$4&", *",集計用!$G:$G,"*, "&$C14&", *")/$B14*100 -> 15.492958 | J14: =COUNTIFS(集計用!$R:$R, "*, "&J$4&", *",集計用!$G:$G,"*, "&$C14&", *")/$B14*100 -> 9.8591549 | K14: =COUNTIFS(集計用!$R:$R, "*, "&K$4&", *",集計用!$G:$G,"*, "&$C14&", *")/$B14*100 -> 7.0422535 | ... M14: =COUNTIFS(集計用!$R:$R, "*, "&M$4&", *",集計用!$G:$G,"*, "&$C14&", *")/$B14*100 -> 1.4084507
A15: 2 | B15: =(COUNTIFS(集計用!$G:$G,"*, "&$C15&",*",集計用!$T:$T, "<>無回答")) -> 69 | C15: X | D15: =COUNTIFS(集計用!$R:$R, "*, "&D$4&", *",集計用!$G:$G,"*, "&$C15&", *")/$B15*100 -> 57.971014 | E15: =COUNTIFS(集計用!$R:$R, "*, "&E$4&", *",集計用!$G:$G,"*, "&$C15&", *")/$B15*100 -> 33.333333 | F15: =COUNTIFS(集計用!$R:$R, "*, "&F$4&", *",集計用!$G:$G,"*, "&$C15&", *")/$B15*100 -> 20.289855 | G15: =COUNTIFS(集計用!$R:$R, "*, "&G$4&", *",集計用!$G:$G,"*, "&$C15&", *")/$B15*100 -> 15.942029 | H15: =COUNTIFS(集計用!$R:$R, "*, "&H$4&", *",集計用!$G:$G,"*, "&$C15&", *")/$B15*100 -> 10.144928 | I15: =COUNTIFS(集計用!$R:$R, "*, "&I$4&", *",集計用!$G:$G,"*, "&$C15&", *")/$B15*100 -> 10.144928 | J15: =COUNTIFS(集計用!$R:$R, "*, "&J$4&", *",集計用!$G:$G,"*, "&$C15&", *")/$B15*100 -> 7.2463768 | K15: =COUNTIFS(集計用!$R:$R, "*, "&K$4&", *",集計用!$G:$G,"*, "&$C15&", *")/$B15*100 -> 8.6956522 | ... M15: =COUNTIFS(集計用!$R:$R, "*, "&M$4&", *",集計用!$G:$G,"*, "&$C15&", *")/$B15*100 -> 1.4492754
A16: 5 | B16: =(COUNTIFS(集計用!$G:$G,"*, "&$C16&",*",集計用!$T:$T, "<>無回答")) -> 60 | C16: トランスジェンダー | D16: =COUNTIFS(集計用!$R:$R, "*, "&D$4&", *",集計用!$G:$G,"*, "&$C16&", *")/$B16*100 -> 58.333333 | E16: =COUNTIFS(集計用!$R:$R, "*, "&E$4&", *",集計用!$G:$G,"*, "&$C16&", *")/$B16*100 -> 40 | F16: =COUNTIFS(集計用!$R:$R, "*, "&F$4&", *",集計用!$G:$G,"*, "&$C16&", *")/$B16*100 -> 16.666667 | G16: =COUNTIFS(集計用!$R:$R, "*, "&G$4&", *",集計用!$G:$G,"*, "&$C16&", *")/$B16*100 -> 11.666667 | H16: =COUNTIFS(集計用!$R:$R, "*, "&H$4&", *",集計用!$G:$G,"*, "&$C16&", *")/$B16*100 -> 15 | I16: =COUNTIFS(集計用!$R:$R, "*, "&I$4&", *",集計用!$G:$G,"*, "&$C16&", *")/$B16*100 -> 11.666667 | J16: =COUNTIFS(集計用!$R:$R, "*, "&J$4&", *",集計用!$G:$G,"*, "&$C16&", *")/$B16*100 -> 11.666667 | K16: =COUNTIFS(集計用!$R:$R, "*, "&K$4&", *",集計用!$G:$G,"*, "&$C16&", *")/$B16*100 -> 6.6666667 | ... M16: =COUNTIFS(集計用!$R:$R, "*, "&M$4&", *",集計用!$G:$G,"*, "&$C16&", *")/$B16*100 -> 1.6666667
A17: 2 | B17: =(COUNTIFS(集計用!$G:$G,"*, "&$C17&",*",集計用!$T:$T, "<>無回答")) -> 60 | C17: 中性 | D17: =COUNTIFS(集計用!$R:$R, "*, "&D$4&", *",集計用!$G:$G,"*, "&$C17&", *")/$B17*100 -> 58.333333 | E17: =COUNTIFS(集計用!$R:$R, "*, "&E$4&", *",集計用!$G:$G,"*, "&$C17&", *")/$B17*100 -> 26.666667 | F17: =COUNTIFS(集計用!$R:$R, "*, "&F$4&", *",集計用!$G:$G,"*, "&$C17&", *")/$B17*100 -> 18.333333 | G17: =COUNTIFS(集計用!$R:$R, "*, "&G$4&", *",集計用!$G:$G,"*, "&$C17&", *")/$B17*100 -> 11.666667 | H17: =COUNTIFS(集計用!$R:$R, "*, "&H$4&", *",集計用!$G:$G,"*, "&$C17&", *")/$B17*100 -> 16.666667 | I17: =COUNTIFS(集計用!$R:$R, "*, "&I$4&", *",集計用!$G:$G,"*, "&$C17&", *")/$B17*100 -> 6.6666667 | J17: =COUNTIFS(集計用!$R:$R, "*, "&J$4&", *",集計用!$G:$G,"*, "&$C17&", *")/$B17*100 -> 8.3333333 | K17: =COUNTIFS(集計用!$R:$R, "*, "&K$4&", *",集計用!$G:$G,"*, "&$C17&", *")/$B17*100 -> 5 | ... M17: =COUNTIFS(集計用!$R:$R, "*, "&M$4&", *",集計用!$G:$G,"*, "&$C17&", *")/$B17*100 -> 1.6666667
... A57: 4 | B57: =(COUNTIFS(集計用!$G:$G,"*, "&$C57&",*",集計用!$T:$T, "<>無回答")) -> 5 | C57: 少女 | D57: =COUNTIFS(集計用!$R:$R, "*, "&D$4&", *",集計用!$G:$G,"*, "&$C57&", *")/$B57*100 -> 60 | E57: =COUNTIFS(集計用!$R:$R, "*, "&E$4&", *",集計用!$G:$G,"*, "&$C57&", *")/$B57*100 -> 60 | F57: =COUNTIFS(集計用!$R:$R, "*, "&F$4&", *",集計用!$G:$G,"*, "&$C57&", *")/$B57*100 -> 20 | G57: =COUNTIFS(集計用!$R:$R, "*, "&G$4&", *",集計用!$G:$G,"*, "&$C57&", *")/$B57*100 -> 40 | H57: =COUNTIFS(集計用!$R:$R, "*, "&H$4&", *",集計用!$G:$G,"*, "&$C57&", *")/$B57*100 -> 60 | I57: =COUNTIFS(集計用!$R:$R, "*, "&I$4&", *",集計用!$G:$G,"*, "&$C57&", *")/$B57*100 -> 40 | J57: =COUNTIFS(集計用!$R:$R, "*, "&J$4&", *",集計用!$G:$G,"*, "&$C57&", *")/$B57*100 -> 20 | K57: =COUNTIFS(集計用!$R:$R, "*, "&K$4&", *",集計用!$G:$G,"*, "&$C57&", *")/$B57*100 -> 40 | ... M57: =COUNTIFS(集計用!$R:$R, "*, "&M$4&", *",集計用!$G:$G,"*, "&$C57&", *")/$B57*100 -> 20
A58: NA | B58: =(COUNTIFS(集計用!$G:$G,"*, "&$C58&",*",集計用!$T:$T, "<>無回答")) -> 4 | C58: ダイク／dyke | D58: =COUNTIFS(集計用!$R:$R, "*, "&D$4&", *",集計用!$G:$G,"*, "&$C58&", *")/$B58*100 -> 75 | E58: =COUNTIFS(集計用!$R:$R, "*, "&E$4&", *",集計用!$G:$G,"*, "&$C58&", *")/$B58*100 -> 25 | F58: =COUNTIFS(集計用!$R:$R, "*, "&F$4&", *",集計用!$G:$G,"*, "&$C58&", *")/$B58*100 -> 25 | G58: =COUNTIFS(集計用!$R:$R, "*, "&G$4&", *",集計用!$G:$G,"*, "&$C58&", *")/$B58*100 -> 25 | H58: =COUNTIFS(集計用!$R:$R, "*, "&H$4&", *",集計用!$G:$G,"*, "&$C58&", *")/$B58*100 -> 50 | I58: =COUNTIFS(集計用!$R:$R, "*, "&I$4&", *",集計用!$G:$G,"*, "&$C58&", *")/$B58*100 -> 25 | J58: =COUNTIFS(集計用!$R:$R, "*, "&J$4&", *",集計用!$G:$G,"*, "&$C58&", *")/$B58*100 -> 25 | K58: =COUNTIFS(集計用!$R:$R, "*, "&K$4&", *",集計用!$G:$G,"*, "&$C58&", *")/$B58*100 -> 25 | ... M58: =COUNTIFS(集計用!$R:$R, "*, "&M$4&", *",集計用!$G:$G,"*, "&$C58&", *")/$B58*100 -> 25
A59: NA | B59: =(COUNTIFS(集計用!$G:$G,"*, "&$C59&",*",集計用!$T:$T, "<>無回答")) -> 4 | C59: ブッチ／butch | D59: =COUNTIFS(集計用!$R:$R, "*, "&D$4&", *",集計用!$G:$G,"*, "&$C59&", *")/$B59*100 -> 50 | E59: =COUNTIFS(集計用!$R:$R, "*, "&E$4&", *",集計用!$G:$G,"*, "&$C59&", *")/$B59*100 -> 50 | F59: =COUNTIFS(集計用!$R:$R, "*, "&F$4&", *",集計用!$G:$G,"*, "&$C59&", *")/$B59*100 -> 50 | G59: =COUNTIFS(集計用!$R:$R, "*, "&G$4&", *",集計用!$G:$G,"*, "&$C59&", *")/$B59*100 -> 25 | H59: =COUNTIFS(集計用!$R:$R, "*, "&H$4&", *",集計用!$G:$G,"*, "&$C59&", *")/$B59*100 -> 25 | I59: =COUNTIFS(集計用!$R:$R, "*, "&I$4&", *",集計用!$G:$G,"*, "&$C59&", *")/$B59*100 -> 25 | J59: =COUNTIFS(集計用!$R:$R, "*, "&J$4&", *",集計用!$G:$G,"*, "&$C59&", *")/$B59*100 -> 50 | K59: =COUNTIFS(集計用!$R:$R, "*, "&K$4&", *",集計用!$G:$G,"*, "&$C59&", *")/$B59*100 -> 25 | ... M59: =COUNTIFS(集計用!$R:$R, "*, "&M$4&", *",集計用!$G:$G,"*, "&$C59&", *")/$B59*100 -> 25
A60: NA | B60: =(COUNTIFS(集計用!$G:$G,"*, "&$C60&",*",集計用!$T:$T, "<>無回答")) -> 3 | C60: おかま | D60: =COUNTIFS(集計用!$R:$R, "*, "&D$4&", *",集計用!$G:$G,"*, "&$C60&", *")/$B60*100 -> 100 | E60: =COUNTIFS(集計用!$R:$R, "*, "&E$4&", *",集計用!$G:$G,"*, "&$C60&", *")/$B60*100 -> 33.333333 | F60: =COUNTIFS(集計用!$R:$R, "*, "&F$4&", *",集計用!$G:$G,"*, "&$C60&", *")/$B60*100 -> 33.333333 | G60: =COUNTIFS(集計用!$R:$R, "*, "&G$4&", *",集計用!$G:$G,"*, "&$C60&", *")/$B60*100 -> 33.333333 | H60: =COUNTIFS(集計用!$R:$R, "*, "&H$4&", *",集計用!$G:$G,"*, "&$C60&", *")/$B60*100 -> 33.333333 | I60: =COUNTIFS(集計用!$R:$R, "*, "&I$4&", *",集計用!$G:$G,"*, "&$C60&", *")/$B60*100 -> 33.333333 | J60: =COUNTIFS(集計用!$R:$R, "*, "&J$4&", *",集計用!$G:$G,"*, "&$C60&", *")/$B60*100 -> 33.333333 | K60: =COUNTIFS(集計用!$R:$R, "*, "&K$4&", *",集計用!$G:$G,"*, "&$C60&", *")/$B60*100 -> 33.333333 | ... M60: =COUNTIFS(集計用!$R:$R, "*, "&M$4&", *",集計用!$G:$G,"*, "&$C60&", *")/$B60*100 -> 33.333333
A61: NA | B61: =(COUNTIFS(集計用!$G:$G,"*, "&$C61&",*",集計用!$T:$T, "<>無回答")) -> 2 | C61: ニューハーフ | D61: =COUNTIFS(集計用!$R:$R, "*, "&D$4&", *",集計用!$G:$G,"*, "&$C61&", *")/$B61*100 -> 100 | E61: =COUNTIFS(集計用!$R:$R, "*, "&E$4&", *",集計用!$G:$G,"*, "&$C61&", *")/$B61*100 -> 50 | F61: =COUNTIFS(集計用!$R:$R, "*, "&F$4&", *",集計用!$G:$G,"*, "&$C61&", *")/$B61*100 -> 100 | G61: =COUNTIFS(集計用!$R:$R, "*, "&G$4&", *",集計用!$G:$G,"*, "&$C61&", *")/$B61*100 -> 50 | H61: =COUNTIFS(集計用!$R:$R, "*, "&H$4&", *",集計用!$G:$G,"*, "&$C61&", *")/$B61*100 -> 50 | I61: =COUNTIFS(集計用!$R:$R, "*, "&I$4&", *",集計用!$G:$G,"*, "&$C61&", *")/$B61*100 -> 50 | J61: =COUNTIFS(集計用!$R:$R, "*, "&J$4&", *",集計用!$G:$G,"*, "&$C61&", *")/$B61*100 -> 50 | K61: =COUNTIFS(集計用!$R:$R, "*, "&K$4&", *",集計用!$G:$G,"*, "&$C61&", *")/$B61*100 -> 50 | ... M61: =COUNTIFS(集計用!$R:$R, "*, "&M$4&", *",集計用!$G:$G,"*, "&$C61&", *")/$B61*100 -> 50
A62: NA | B62: =(COUNTIFS(集計用!$G:$G,"*, "&$C62&",*",集計用!$T:$T, "<>無回答")) -> 1 | C62: おなべ | D62: =COUNTIFS(集計用!$R:$R, "*, "&D$4&", *",集計用!$G:$G,"*, "&$C62&", *")/$B62*100 -> 0 | E62: =COUNTIFS(集計用!$R:$R, "*, "&E$4&", *",集計用!$G:$G,"*, "&$C62&", *")/$B62*100 -> 0 | F62: =COUNTIFS(集計用!$R:$R, "*, "&F$4&", *",集計用!$G:$G,"*, "&$C62&", *")/$B62*100 -> 100 | G62: =COUNTIFS(集計用!$R:$R, "*, "&G$4&", *",集計用!$G:$G,"*, "&$C62&", *")/$B62*100 -> 0 | H62: =COUNTIFS(集計用!$R:$R, "*, "&H$4&", *",集計用!$G:$G,"*, "&$C62&", *")/$B62*100 -> 0 | I62: =COUNTIFS(集計用!$R:$R, "*, "&I$4&", *",集計用!$G:$G,"*, "&$C62&", *")/$B62*100 -> 0 | J62: =COUNTIFS(集計用!$R:$R, "*, "&J$4&", *",集計用!$G:$G,"*, "&$C62&", *")/$B62*100 -> 0 | K62: =COUNTIFS(集計用!$R:$R, "*, "&K$4&", *",集計用!$G:$G,"*, "&$C62&", *")/$B62*100 -> 0 | ... M62: =COUNTIFS(集計用!$R:$R, "*, "&M$4&", *",集計用!$G:$G,"*, "&$C62&", *")/$B62*100 -> 0

Sheet A5b.ジェンダーと三人称 (日,記入式)
A1: 表A5b：ジェンダー・ラベルごとの日本語三人称（記入式, %）
C3: n | D3: =COUNTIF(集計用!$S$2:$S$444,"*"&D4&",*") -> 51 | E3: =COUNTIF(集計用!$S$2:$S$444,"*"&E4&",*") -> 7 | F3: =COUNTIF(集計用!$S$2:$S$444,"*"&F4&",*") -> 6 | G3: =COUNTIF(集計用!$S$2:$S$444,"*"&G4&",*") -> 4 | H3: =COUNTIF(集計用!$S$2:$S$444,"*"&H4&",*") -> 2 | I3: =COUNTIF(集計用!$S$2:$S$444,"*"&I4&",*") -> 2 | J3: =COUNTIF(集計用!$S$2:$S$444,"*"&J4&",*") -> 0 | K3: =COUNTIF(集計用!$S$2:$S$444,"*"&K4&",*") -> 1 | ... AB3: =COUNTIF(集計用!$S$2:$S$444,"*"&AB4&",*") -> 1 | AC3: 1 | AD3: =COUNTIF(集計用!$S$2:$S$444,"*"&AD4&",*") -> 1 | AE3: =COUNTIF(集計用!$S$2:$S$444,"*"&AE4&",*") -> 1 | AF3: =COUNTIF(集計用!$S$2:$S$444,"*"&AF4&",*") -> 1 | AG3: =COUNTIF(集計用!$S$2:$S$444,"*"&AG4&",*") -> 1 | AH3: =COUNTIF(集計用!$S$2:$S$444,"*"&AH4&",*") -> 1 | AI3: =COUNTIF(集計用!$S$2:$S$444,"*"&AI4&",*") -> 1
A4: cluster | B4: n= | C4: ジェンダー・ラベル | D4: {この/その/あの}+人 | E4: {この/その/あの}+子 | F4: {この/その/あの}+ひと | G4: しっくりくるものがない | H4: (名前)+さん | I4: {この/その/あの}+方 | J4: {この/その/あの}+方2 | K4: (名前)+氏 | L4: (名前)さん | M4: 「そのようなカテゴリーの人々」 | N4: あいつ | O4: あだ名 | P4: おじさん | Q4: カレ | R4: かれら | S4: こちらの方 | T4: こなた | U4: このような人 | V4: 愛称 | W4: 貴方 | X4: 呼ばれたくない | Y4: 氏(し) | Z4: 自分の苗字 | AA4: 主 | AB4: 神 | AC4: 人 | AD4: 人間 | AE4: 人達 | AF4: 先生 | AG4: 其 | AH4: 彼 | AI4: 役職
A5: 0 | B5: =COUNTA(集計用!$T:$T)-1-COUNTIF(集計用!$T:$T, "無回答 , ") -> 426 | C5: 全回答者 | D5: =COUNTIFS(集計用!$S:$S, "*"&D$4&",*")/$B5*100 -> 11.971831 | E5: =COUNTIFS(集計用!$S:$S, "*"&E$4&",*")/$B5*100 -> 1.6431925 | F5: =COUNTIFS(集計用!$S:$S, "*"&F$4&",*")/$B5*100 -> 1.4084507 | G5: =COUNTIFS(集計用!$S:$S, "*"&G$4&",*")/$B5*100 -> 0.93896714 | H5: =COUNTIFS(集計用!$S:$S, "*"&H$4&",*")/$B5*100 -> 0.46948357 | I5: =COUNTIFS(集計用!$S:$S, "*"&I$4&",*")/$B5*100 -> 0.46948357 | J5: =COUNTIFS(集計用!$S:$S, "*"&J$4&",*")/$B5*100 -> 0 | K5: =COUNTIFS(集計用!$S:$S, "*"&K$4&",*")/$B5*100 -> 0.23474178 | ... AI5: =COUNTIFS(集計用!$S:$S, "*"&AI$4&",*")/$B5*100 -> 0.23474178
A6: 1 | B6: =(COUNTIFS(集計用!$G:$G,"*, "&$C6&",*",集計用!$T:$T, "<>無回答 ,")) -> 256 | C6: ノンバイナリー | D6: =COUNTIFS(集計用!$S:$S, "*"&D$4&", *",集計用!$G:$G,"*, "&$C6&", *")/$B6*100 -> 3.515625 | E6: =COUNTIFS(集計用!$S:$S, "*"&E$4&", *",集計用!$G:$G,"*, "&$C6&", *")/$B6*100 -> 0 | F6: =COUNTIFS(集計用!$S:$S, "*"&F$4&", *",集計用!$G:$G,"*, "&$C6&", *")/$B6*100 -> 0 | G6: =COUNTIFS(集計用!$S:$S, "*"&G$4&", *",集計用!$G:$G,"*, "&$C6&", *")/$B6*100 -> 0 | H6: =COUNTIFS(集計用!$S:$S, "*"&H$4&", *",集計用!$G:$G,"*, "&$C6&", *")/$B6*100 -> 0.390625 | I6: =COUNTIFS(集計用!$S:$S, "*"&I$4&", *",集計用!$G:$G,"*, "&$C6&", *")/$B6*100 -> 0 | J6: =COUNTIFS(集計用!$S:$S, "*"&J$4&", *",集計用!$G:$G,"*, "&$C6&", *")/$B6*100 -> 0 | K6: =COUNTIFS(集計用!$S:$S, "*"&K$4&", *",集計用!$G:$G,"*, "&$C6&", *")/$B6*100 -> 0 | ... AI6: =COUNTIFS(集計用!$S:$S, "*"&AI$4&", *",集計用!$G:$G,"*, "&$C6&", *")/$B6*100 -> 0
A7: 1 | B7: =(COUNTIFS(集計用!$G:$G,"*, "&$C7&",*",集計用!$T:$T, "<>無回答 ,")) -> 144 | C7: クィア／Queer | D7: =COUNTIFS(集計用!$S:$S, "*"&D$4&", *",集計用!$G:$G,"*, "&$C7&", *")/$B7*100 -> 2.7777778 | E7: =COUNTIFS(集計用!$S:$S, "*"&E$4&", *",集計用!$G:$G,"*, "&$C7&", *")/$B7*100 -> 0 | F7: =COUNTIFS(集計用!$S:$S, "*"&F$4&", *",集計用!$G:$G,"*, "&$C7&", *")/$B7*100 -> 0 | G7: =COUNTIFS(集計用!$S:$S, "*"&G$4&", *",集計用!$G:$G,"*, "&$C7&", *")/$B7*100 -> 0 | H7: =COUNTIFS(集計用!$S:$S, "*"&H$4&", *",集計用!$G:$G,"*, "&$C7&", *")/$B7*100 -> 0.69444444 | I7: =COUNTIFS(集計用!$S:$S, "*"&I$4&", *",集計用!$G:$G,"*, "&$C7&", *")/$B7*100 -> 0 | J7: =COUNTIFS(集計用!$S:$S, "*"&J$4&", *",集計用!$G:$G,"*, "&$C7&", *")/$B7*100 -> 0 | K7: =COUNTIFS(集計用!$S:$S, "*"&K$4&", *",集計用!$G:$G,"*, "&$C7&", *")/$B7*100 -> 0 | ... AI7: =COUNTIFS(集計用!$S:$S, "*"&AI$4&", *",集計用!$G:$G,"*, "&$C7&", *")/$B7*100 -> 0
A8: 2 | B8: =(COUNTIFS(集計用!$G:$G,"*, "&$C8&",*",集計用!$T:$T, "<>無回答 ,")) -> 121 | C8: Xジェンダー | D8: =COUNTIFS(集計用!$S:$S, "*"&D$4&", *",集計用!$G:$G,"*, "&$C8&", *")/$B8*100 -> 2.4793388 | E8: =COUNTIFS(集計用!$S:$S, "*"&E$4&", *",集計用!$G:$G,"*, "&$C8&", *")/$B8*100 -> 0 | F8: =COUNTIFS(集計用!$S:$S, "*"&F$4&", *",集計用!$G:$G,"*, "&$C8&", *")/$B8*100 -> 0 | G8: =COUNTIFS(集計用!$S:$S, "*"&G$4&", *",集計用!$G:$G,"*, "&$C8&", *")/$B8*100 -> 0 | H8: =COUNTIFS(集計用!$S:$S, "*"&H$4&", *",集計用!$G:$G,"*, "&$C8&", *")/$B8*100 -> 0 | I8: =COUNTIFS(集計用!$S:$S, "*"&I$4&", *",集計用!$G:$G,"*, "&$C8&", *")/$B8*100 -> 0 | J8: =COUNTIFS(集計用!$S:$S, "*"&J$4&", *",集計用!$G:$G,"*, "&$C8&", *")/$B8*100 -> 0 | K8: =COUNTIFS(集計用!$S:$S, "*"&K$4&", *",集計用!$G:$G,"*, "&$C8&", *")/$B8*100 -> 0 | ... AI8: =COUNTIFS(集計用!$S:$S, "*"&AI$4&", *",集計用!$G:$G,"*, "&$C8&", *")/$B8*100 -> 0
A9: 1 | B9: =(COUNTIFS(集計用!$G:$G,"*, "&$C9&",*",集計用!$T:$T, "<>無回答 ,")) -> 86 | C9: クエスチョニング | D9: =COUNTIFS(集計用!$S:$S, "*"&D$4&", *",集計用!$G:$G,"*, "&$C9&", *")/$B9*100 -> 0 | E9: =COUNTIFS(集計用!$S:$S, "*"&E$4&", *",集計用!$G:$G,"*, "&$C9&", *")/$B9*100 -> 0 | F9: =COUNTIFS(集計用!$S:$S, "*"&F$4&", *",集計用!$G:$G,"*, "&$C9&", *")/$B9*100 -> 0 | G9: =COUNTIFS(集計用!$S:$S, "*"&G$4&", *",集計用!$G:$G,"*, "&$C9&", *")/$B9*100 -> 0 | H9: =COUNTIFS(集計用!$S:$S, "*"&H$4&", *",集計用!$G:$G,"*, "&$C9&", *")/$B9*100 -> 0 | I9: =COUNTIFS(集計用!$S:$S, "*"&I$4&", *",集計用!$G:$G,"*, "&$C9&", *")/$B9*100 -> 0 | J9: =COUNTIFS(集計用!$S:$S, "*"&J$4&", *",集計用!$G:$G,"*, "&$C9&", *")/$B9*100 -> 0 | K9: =COUNTIFS(集計用!$S:$S, "*"&K$4&", *",集計用!$G:$G,"*, "&$C9&", *")/$B9*100 -> 0 | ... AI9: =COUNTIFS(集計用!$S:$S, "*"&AI$4&", *",集計用!$G:$G,"*, "&$C9&", *")/$B9*100 -> 0
A10: 3 | B10: =(COUNTIFS(集計用!$G:$G,"*, "&$C10&",*",集計用!$T:$T, "<>無回答 ,")) -> 86 | C10: 無性 | D10: =COUNTIFS(集計用!$S:$S, "*"&D$4&", *",集計用!$G:$G,"*, "&$C10&", *")/$B10*100 -> 1.1627907 | E10: =COUNTIFS(集計用!$S:$S, "*"&E$4&", *",集計用!$G:$G,"*, "&$C10&", *")/$B10*100 -> 0 | F10: =COUNTIFS(集計用!$S:$S, "*"&F$4&", *",集計用!$G:$G,"*, "&$C10&", *")/$B10*100 -> 0 | G10: =COUNTIFS(集計用!$S:$S, "*"&G$4&", *",集計用!$G:$G,"*, "&$C10&", *")/$B10*100 -> 0 | H10: =COUNTIFS(集計用!$S:$S, "*"&H$4&", *",集計用!$G:$G,"*, "&$C10&", *")/$B10*100 -> 0 | I10: =COUNTIFS(集計用!$S:$S, "*"&I$4&", *",集計用!$G:$G,"*, "&$C10&", *")/$B10*100 -> 0 | J10: =COUNTIFS(集計用!$S:$S, "*"&J$4&", *",集計用!$G:$G,"*, "&$C10&", *")/$B10*100 -> 0 | K10: =COUNTIFS(集計用!$S:$S, "*"&K$4&", *",集計用!$G:$G,"*, "&$C10&", *")/$B10*100 -> 0 | ... AI10: =COUNTIFS(集計用!$S:$S, "*"&AI$4&", *",集計用!$G:$G,"*, "&$C10&", *")/$B10*100 -> 0
A11: 4 | B11: =(COUNTIFS(集計用!$G:$G,"*, "&$C11&",*",集計用!$T:$T, "<>無回答 ,")) -> 75 | C11: （ジェンダー・）フルイド／（ジェンダー・）フリュイド／（ジェンダー・）フルイッド | D11: =COUNTIFS(集計用!$S:$S, "*"&D$4&", *",集計用!$G:$G,"*, "&$C11&", *")/$B11*100 -> 1.3333333 | E11: =COUNTIFS(集計用!$S:$S, "*"&E$4&", *",集計用!$G:$G,"*, "&$C11&", *")/$B11*100 -> 0 | F11: =COUNTIFS(集計用!$S:$S, "*"&F$4&", *",集計用!$G:$G,"*, "&$C11&", *")/$B11*100 -> 0 | G11: =COUNTIFS(集計用!$S:$S, "*"&G$4&", *",集計用!$G:$G,"*, "&$C11&", *")/$B11*100 -> 0 | H11: =COUNTIFS(集計用!$S:$S, "*"&H$4&", *",集計用!$G:$G,"*, "&$C11&", *")/$B11*100 -> 0 | I11: =COUNTIFS(集計用!$S:$S, "*"&I$4&", *",集計用!$G:$G,"*, "&$C11&", *")/$B11*100 -> 0 | J11: =COUNTIFS(集計用!$S:$S, "*"&J$4&", *",集計用!$G:$G,"*, "&$C11&", *")/$B11*100 -> 0 | K11: =COUNTIFS(集計用!$S:$S, "*"&K$4&", *",集計用!$G:$G,"*, "&$C11&", *")/$B11*100 -> 0 | ... AI11: =COUNTIFS(集計用!$S:$S, "*"&AI$4&", *",集計用!$G:$G,"*, "&$C11&", *")/$B11*100 -> 0
A12: 1 | B12: =(COUNTIFS(集計用!$G:$G,"*, "&$C12&",*",集計用!$T:$T, "<>無回答")) -> 74 | C12: ジェンダークィア | D12: =COUNTIFS(集計用!$S:$S, "*"&D$4&", *",集計用!$G:$G,"*, "&$C12&", *")/$B12*100 -> 2.7027027 | E12: =COUNTIFS(集計用!$S:$S, "*"&E$4&", *",集計用!$G:$G,"*, "&$C12&", *")/$B12*100 -> 0 | F12: =COUNTIFS(集計用!$S:$S, "*"&F$4&", *",集計用!$G:$G,"*, "&$C12&", *")/$B12*100 -> 0 | G12: =COUNTIFS(集計用!$S:$S, "*"&G$4&", *",集計用!$G:$G,"*, "&$C12&", *")/$B12*100 -> 0 | H12: =COUNTIFS(集計用!$S:$S, "*"&H$4&", *",集計用!$G:$G,"*, "&$C12&", *")/$B12*100 -> 1.3513514 | I12: =COUNTIFS(集計用!$S:$S, "*"&I$4&", *",集計用!$G:$G,"*, "&$C12&", *")/$B12*100 -> 0 | J12: =COUNTIFS(集計用!$S:$S, "*"&J$4&", *",集計用!$G:$G,"*, "&$C12&", *")/$B12*100 -> 0 | K12: =COUNTIFS(集計用!$S:$S, "*"&K$4&", *",集計用!$G:$G,"*, "&$C12&", *")/$B12*100 -> 0 | ... AI12: =COUNTIFS(集計用!$S:$S, "*"&AI$4&", *",集計用!$G:$G,"*, "&$C12&", *")/$B12*100 -> 0
A13: 1 | B13: =(COUNTIFS(集計用!$G:$G,"*, "&$C13&",*",集計用!$T:$T, "<>無回答")) -> 71 | C13: 不明／わからない | D13: =COUNTIFS(集計用!$S:$S, "*"&D$4&", *",集計用!$G:$G,"*, "&$C13&", *")/$B13*100 -> 0 | E13: =COUNTIFS(集計用!$S:$S, "*"&E$4&", *",集計用!$G:$G,"*, "&$C13&", *")/$B13*100 -> 0 | F13: =COUNTIFS(集計用!$S:$S, "*"&F$4&", *",集計用!$G:$G,"*, "&$C13&", *")/$B13*100 -> 0 | G13: =COUNTIFS(集計用!$S:$S, "*"&G$4&", *",集計用!$G:$G,"*, "&$C13&", *")/$B13*100 -> 0 | H13: =COUNTIFS(集計用!$S:$S, "*"&H$4&", *",集計用!$G:$G,"*, "&$C13&", *")/$B13*100 -> 0 | I13: =COUNTIFS(集計用!$S:$S, "*"&I$4&", *",集計用!$G:$G,"*, "&$C13&", *")/$B13*100 -> 0 | J13: =COUNTIFS(集計用!$S:$S, "*"&J$4&", *",集計用!$G:$G,"*, "&$C13&", *")/$B13*100 -> 0 | K13: =COUNTIFS(集計用!$S:$S, "*"&K$4&", *",集計用!$G:$G,"*, "&$C13&", *")/$B13*100 -> 0 | ... AI13: =COUNTIFS(集計用!$S:$S, "*"&AI$4&", *",集計用!$G:$G,"*, "&$C13&", *")/$B13*100 -> 0
A14: 3 | B14: =(COUNTIFS(集計用!$G:$G,"*, "&$C14&",*",集計用!$T:$T, "<>無回答")) -> 71 | C14: Aジェンダー／エイジェンダー／アジェンダー／agender | D14: =COUNTIFS(集計用!$S:$S, "*"&D$4&", *",集計用!$G:$G,"*, "&$C14&", *")/$B14*100 -> 1.4084507 | E14: =COUNTIFS(集計用!$S:$S, "*"&E$4&", *",集計用!$G:$G,"*, "&$C14&", *")/$B14*100 -> 1.4084507 | F14: =COUNTIFS(集計用!$S:$S, "*"&F$4&", *",集計用!$G:$G,"*, "&$C14&", *")/$B14*100 -> 0 | G14: =COUNTIFS(集計用!$S:$S, "*"&G$4&", *",集計用!$G:$G,"*, "&$C14&", *")/$B14*100 -> 0 | H14: =COUNTIFS(集計用!$S:$S, "*"&H$4&", *",集計用!$G:$G,"*, "&$C14&", *")/$B14*100 -> 1.4084507 | I14: =COUNTIFS(集計用!$S:$S, "*"&I$4&", *",集計用!$G:$G,"*, "&$C14&", *")/$B14*100 -> 0 | J14: =COUNTIFS(集計用!$S:$S, "*"&J$4&", *",集計用!$G:$G,"*, "&$C14&", *")/$B14*100 -> 0 | K14: =COUNTIFS(集計用!$S:$S, "*"&K$4&", *",集計用!$G:$G,"*, "&$C14&", *")/$B14*100 -> 0 | ... AI14: =COUNTIFS(集計用!$S:$S, "*"&AI$4&", *",集計用!$G:$G,"*, "&$C14&", *")/$B14*100 -> 0
A15: 2 | B15: =(COUNTIFS(集計用!$G:$G,"*, "&$C15&",*",集計用!$T:$T, "<>無回答")) -> 69 | C15: X | D15: =COUNTIFS(集計用!$S:$S, "*"&D$4&", *",集計用!$G:$G,"*, "&$C15&", *")/$B15*100 -> 4.3478261 | E15: =COUNTIFS(集計用!$S:$S, "*"&E$4&", *",集計用!$G:$G,"*, "&$C15&", *")/$B15*100 -> 0 | F15: =COUNTIFS(集計用!$S:$S, "*"&F$4&", *",集計用!$G:$G,"*, "&$C15&", *")/$B15*100 -> 0 | G15: =COUNTIFS(集計用!$S:$S, "*"&G$4&", *",集計用!$G:$G,"*, "&$C15&", *")/$B15*100 -> 0 | H15: =COUNTIFS(集計用!$S:$S, "*"&H$4&", *",集計用!$G:$G,"*, "&$C15&", *")/$B15*100 -> 0 | I15: =COUNTIFS(集計用!$S:$S, "*"&I$4&", *",集計用!$G:$G,"*, "&$C15&", *")/$B15*100 -> 0 | J15: =COUNTIFS(集計用!$S:$S, "*"&J$4&", *",集計用!$G:$G,"*, "&$C15&", *")/$B15*100 -> 0 | K15: =COUNTIFS(集計用!$S:$S, "*"&K$4&", *",集計用!$G:$G,"*, "&$C15&", *")/$B15*100 -> 0 | ... AI15: =COUNTIFS(集計用!$S:$S, "*"&AI$4&", *",集計用!$G:$G,"*, "&$C15&", *")/$B15*100 -> 0
A16: 5 | B16: =(COUNTIFS(集計用!$G:$G,"*, "&$C16&",*",集計用!$T:$T, "<>無回答")) -> 60 | C16: トランスジェンダー | D16: =COUNTIFS(集計用!$S:$S, "*"&D$4&", *",集計用!$G:$G,"*, "&$C16&", *")/$B16*100 -> 1.6666667 | E16: =COUNTIFS(集計用!$S:$S, "*"&E$4&", *",集計用!$G:$G,"*, "&$C16&", *")/$B16*100 -> 0 | F16: =COUNTIFS(集計用!$S:$S, "*"&F$4&", *",集計用!$G:$G,"*, "&$C16&", *")/$B16*100 -> 0 | G16: =COUNTIFS(集計用!$S:$S, "*"&G$4&", *",集計用!$G:$G,"*, "&$C16&", *")/$B16*100 -> 0 | H16: =COUNTIFS(集計用!$S:$S, "*"&H$4&", *",集計用!$G:$G,"*, "&$C16&", *")/$B16*100 -> 0 | I16: =COUNTIFS(集計用!$S:$S, "*"&I$4&", *",集計用!$G:$G,"*, "&$C16&", *")/$B16*100 -> 0 | J16: =COUNTIFS(集計用!$S:$S, "*"&J$4&", *",集計用!$G:$G,"*, "&$C16&", *")/$B16*100 -> 0 | K16: =COUNTIFS(集計用!$S:$S, "*"&K$4&", *",集計用!$G:$G,"*, "&$C16&", *")/$B16*100 -> 0 | ... AI16: =COUNTIFS(集計用!$S:$S, "*"&AI$4&", *",集計用!$G:$G,"*, "&$C16&", *")/$B16*100 -> 0
A17: 2 | B17: =(COUNTIFS(集計用!$G:$G,"*, "&$C17&",*",集計用!$T:$T, "<>無回答")) -> 60 | C17: 中性 | D17: =COUNTIFS(集計用!$S:$S, "*"&D$4&", *",集計用!$G:$G,"*, "&$C17&", *")/$B17*100 -> 6.6666667 | E17: =COUNTIFS(集計用!$S:$S, "*"&E$4&", *",集計用!$G:$G,"*, "&$C17&", *")/$B17*100 -> 0 | F17: =COUNTIFS(集計用!$S:$S, "*"&F$4&", *",集計用!$G:$G,"*, "&$C17&", *")/$B17*100 -> 0 | G17: =COUNTIFS(集計用!$S:$S, "*"&G$4&", *",集計用!$G:$G,"*, "&$C17&", *")/$B17*100 -> 0 | H17: =COUNTIFS(集計用!$S:$S, "*"&H$4&", *",集計用!$G:$G,"*, "&$C17&", *")/$B17*100 -> 0 | I17: =COUNTIFS(集計用!$S:$S, "*"&I$4&", *",集計用!$G:$G,"*, "&$C17&", *")/$B17*100 -> 0 | J17: =COUNTIFS(集計用!$S:$S, "*"&J$4&", *",集計用!$G:$G,"*, "&$C17&", *")/$B17*100 -> 0 | K17: =COUNTIFS(集計用!$S:$S, "*"&K$4&", *",集計用!$G:$G,"*, "&$C17&", *")/$B17*100 -> 0 | ... AI17: =COUNTIFS(集計用!$S:$S, "*"&AI$4&", *",集計用!$G:$G,"*, "&$C17&", *")/$B17*100 -> 0
A18: 6 | B18: =(COUNTIFS(集計用!$G:$G,"*, "&$C18&",*",集計用!$T:$T, "<>無回答")) -> 57 | C18: 女性／woman | D18: =COUNTIFS(集計用!$S:$S, "*"&D$4&", *",集計用!$G:$G,"*, "&$C18&", *")/$B18*100 -> 1.754386 | E18: =COUNTIFS(集計用!$S:$S, "*"&E$4&", *",集計用!$G:$G,"*, "&$C18&", *")/$B18*100 -> 0 | F18: =COUNTIFS(集計用!$S:$S, "*"&F$4&", *",集計用!$G:$G,"*, "&$C18&", *")/$B18*100 -> 0 | G18: =COUNTIFS(集計用!$S:$S, "*"&G$4&", *",集計用!$G:$G,"*, "&$C18&", *")/$B18*100 -> 0 | H18: =COUNTIFS(集計用!$S:$S, "*"&H$4&", *",集計用!$G:$G,"*, "&$C18&", *")/$B18*100 -> 0 | I18: =COUNTIFS(集計用!$S:$S, "*"&I$4&", *",集計用!$G:$G,"*, "&$C18&", *")/$B18*100 -> 0 | J18: =COUNTIFS(集計用!$S:$S, "*"&J$4&", *",集計用!$G:$G,"*, "&$C18&", *")/$B18*100 -> 0 | K18: =COUNTIFS(集計用!$S:$S, "*"&K$4&", *",集計用!$G:$G,"*, "&$C18&", *")/$B18*100 -> 0 | ... AI18: =COUNTIFS(集計用!$S:$S, "*"&AI$4&", *",集計用!$G:$G,"*, "&$C18&", *")/$B18*100 -> 0
A19: 6 | B19: =(COUNTIFS(集計用!$G:$G,"*, "&$C19&",*",集計用!$T:$T, "<>無回答")) -> 54 | C19: ノンバイナリー女性 | D19: =COUNTIFS(集計用!$S:$S, "*"&D$4&", *",集計用!$G:$G,"*, "&$C19&", *")/$B19*100 -> 3.7037037 | E19: =COUNTIFS(集計用!$S:$S, "*"&E$4&", *",集計用!$G:$G,"*, "&$C19&", *")/$B19*100 -> 0 | F19: =COUNTIFS(集計用!$S:$S, "*"&F$4&", *",集計用!$G:$G,"*, "&$C19&", *")/$B19*100 -> 0 | G19: =COUNTIFS(集計用!$S:$S, "*"&G$4&", *",集計用!$G:$G,"*, "&$C19&", *")/$B19*100 -> 0 | H19: =COUNTIFS(集計用!$S:$S, "*"&H$4&", *",集計用!$G:$G,"*, "&$C19&", *")/$B19*100 -> 0 | I19: =COUNTIFS(集計用!$S:$S, "*"&I$4&", *",集計用!$G:$G,"*, "&$C19&", *")/$B19*100 -> 0 | J19: =COUNTIFS(集計用!$S:$S, "*"&J$4&", *",集計用!$G:$G,"*, "&$C19&", *")/$B19*100 -> 0 | K19: =COUNTIFS(集計用!$S:$S, "*"&K$4&", *",集計用!$G:$G,"*, "&$C19&", *")/$B19*100 -> 0 | ... AI19: =COUNTIFS(集計用!$S:$S, "*"&AI$4&", *",集計用!$G:$G,"*, "&$C19&", *")/$B19*100 -> 0
A20: 4 | B20: =(COUNTIFS(集計用!$G:$G,"*, "&$C20&",*",集計用!$T:$T, "<>無回答")) -> 49 | C20: 不定性 | D20: =COUNTIFS(集計用!$S:$S, "*"&D$4&", *",集計用!$G:$G,"*, "&$C20&", *")/$B20*100 -> 2.0408163 | E20: =COUNTIFS(集計用!$S:$S, "*"&E$4&", *",集計用!$G:$G,"*, "&$C20&", *")/$B20*100 -> 0 | F20: =COUNTIFS(集計用!$S:$S, "*"&F$4&", *",集計用!$G:$G,"*, "&$C20&", *")/$B20*100 -> 0 | G20: =COUNTIFS(集計用!$S:$S, "*"&G$4&", *",集計用!$G:$G,"*, "&$C20&", *")/$B20*100 -> 0 | H20: =COUNTIFS(集計用!$S:$S, "*"&H$4&", *",集計用!$G:$G,"*, "&$C20&", *")/$B20*100 -> 0 | I20: =COUNTIFS(集計用!$S:$S, "*"&I$4&", *",集計用!$G:$G,"*, "&$C20&", *")/$B20*100 -> 0 | J20: =COUNTIFS(集計用!$S:$S, "*"&J$4&", *",集計用!$G:$G,"*, "&$C20&", *")/$B20*100 -> 0 | K20: =COUNTIFS(集計用!$S:$S, "*"&K$4&", *",集計用!$G:$G,"*, "&$C20&", *")/$B20*100 -> 0 | ... AI20: =COUNTIFS(集計用!$S:$S, "*"&AI$4&", *",集計用!$G:$G,"*, "&$C20&", *")/$B20*100 -> 0
A21: 3 | B21: =(COUNTIFS(集計用!$G:$G,"*, "&$C21&",*",集計用!$T:$T, "<>無回答")) -> 48 | C21: 無し | D21: =COUNTIFS(集計用!$S:$S, "*"&D$4&", *",集計用!$G:$G,"*, "&$C21&", *")/$B21*100 -> 4.1666667 | E21: =COUNTIFS(集計用!$S:$S, "*"&E$4&", *",集計用!$G:$G,"*, "&$C21&", *")/$B21*100 -> 0 | F21: =COUNTIFS(集計用!$S:$S, "*"&F$4&", *",集計用!$G:$G,"*, "&$C21&", *")/$B21*100 -> 0 | G21: =COUNTIFS(集計用!$S:$S, "*"&G$4&", *",集計用!$G:$G,"*, "&$C21&", *")/$B21*100 -> 0 | H21: =COUNTIFS(集計用!$S:$S, "*"&H$4&", *",集計用!$G:$G,"*, "&$C21&", *")/$B21*100 -> 0 | I21: =COUNTIFS(集計用!$S:$S, "*"&I$4&", *",集計用!$G:$G,"*, "&$C21&", *")/$B21*100 -> 0 | J21: =COUNTIFS(集計用!$S:$S, "*"&J$4&", *",集計用!$G:$G,"*, "&$C21&", *")/$B21*100 -> 0 | K21: =COUNTIFS(集計用!$S:$S, "*"&K$4&", *",集計用!$G:$G,"*, "&$C21&", *")/$B21*100 -> 0 | ... AI21: =COUNTIFS(集計用!$S:$S, "*"&AI$4&", *",集計用!$G:$G,"*, "&$C21&", *")/$B21*100 -> 0
A22: 5 | B22: =(COUNTIFS(集計用!$G:$G,"*, "&$C22&",*",集計用!$T:$T, "<>無回答")) -> 46 | C22: トランス | D22: =COUNTIFS(集計用!$S:$S, "*"&D$4&", *",集計用!$G:$G,"*, "&$C22&", *")/$B22*100 -> 2.173913 | E22: =COUNTIFS(集計用!$S:$S, "*"&E$4&", *",集計用!$G:$G,"*, "&$C22&", *")/$B22*100 -> 0 | F22: =COUNTIFS(集計用!$S:$S, "*"&F$4&", *",集計用!$G:$G,"*, "&$C22&", *")/$B22*100 -> 0 | G22: =COUNTIFS(集計用!$S:$S, "*"&G$4&", *",集計用!$G:$G,"*, "&$C22&", *")/$B22*100 -> 0 | H22: =COUNTIFS(集計用!$S:$S, "*"&H$4&", *",集計用!$G:$G,"*, "&$C22&", *")/$B22*100 -> 0 | I22: =COUNTIFS(集計用!$S:$S, "*"&I$4&", *",集計用!$G:$G,"*, "&$C22&", *")/$B22*100 -> 0 | J22: =COUNTIFS(集計用!$S:$S, "*"&J$4&", *",集計用!$G:$G,"*, "&$C22&", *")/$B22*100 -> 0 | K22: =COUNTIFS(集計用!$S:$S, "*"&K$4&", *",集計用!$G:$G,"*, "&$C22&", *")/$B22*100 -> 0 | ... AI22: =COUNTIFS(集計用!$S:$S, "*"&AI$4&", *",集計用!$G:$G,"*, "&$C22&", *")/$B22*100 -> 0
A23: 5 | B23: =(COUNTIFS(集計用!$G:$G,"*, "&$C23&",*",集計用!$T:$T, "<>無回答")) -> 39 | C23: トランス*／trans* | D23: =COUNTIFS(集計用!$S:$S, "*"&D$4&", *",集計用!$G:$G,"*, "&$C23&", *")/$B23*100 -> 2.5641026 | E23: =COUNTIFS(集計用!$S:$S, "*"&E$4&", *",集計用!$G:$G,"*, "&$C23&", *")/$B23*100 -> 0 | F23: =COUNTIFS(集計用!$S:$S, "*"&F$4&", *",集計用!$G:$G,"*, "&$C23&", *")/$B23*100 -> 0 | G23: =COUNTIFS(集計用!$S:$S, "*"&G$4&", *",集計用!$G:$G,"*, "&$C23&", *")/$B23*100 -> 0 | H23: =COUNTIFS(集計用!$S:$S, "*"&H$4&", *",集計用!$G:$G,"*, "&$C23&", *")/$B23*100 -> 0 | I23: =COUNTIFS(集計用!$S:$S, "*"&I$4&", *",集計用!$G:$G,"*, "&$C23&", *")/$B23*100 -> 0 | J23: =COUNTIFS(集計用!$S:$S, "*"&J$4&", *",集計用!$G:$G,"*, "&$C23&", *")/$B23*100 -> 0 | K23: =COUNTIFS(集計用!$S:$S, "*"&K$4&", *",集計用!$G:$G,"*, "&$C23&", *")/$B23*100 -> 0 | ... AI23: =COUNTIFS(集計用!$S:$S, "*"&AI$4&", *",集計用!$G:$G,"*, "&$C23&", *")/$B23*100 -> 0
... A57: 4 | B57: =(COUNTIFS(集計用!$G:$G,"*, "&$C57&",*",集計用!$T:$T, "<>無回答")) -> 5 | C57: 少女 | D57: =COUNTIFS(集計用!$S:$S, "*"&D$4&", *",集計用!$G:$G,"*, "&$C57&", *")/$B57*100 -> 0 | E57: =COUNTIFS(集計用!$S:$S, "*"&E$4&", *",集計用!$G:$G,"*, "&$C57&", *")/$B57*100 -> 0 | F57: =COUNTIFS(集計用!$S:$S, "*"&F$4&", *",集計用!$G:$G,"*, "&$C57&", *")/$B57*100 -> 0 | G57: =COUNTIFS(集計用!$S:$S, "*"&G$4&", *",集計用!$G:$G,"*, "&$C57&", *")/$B57*100 -> 0 | H57: =COUNTIFS(集計用!$S:$S, "*"&H$4&", *",集計用!$G:$G,"*, "&$C57&", *")/$B57*100 -> 0 | I57: =COUNTIFS(集計用!$S:$S, "*"&I$4&", *",集計用!$G:$G,"*, "&$C57&", *")/$B57*100 -> 0 | J57: =COUNTIFS(集計用!$S:$S, "*"&J$4&", *",集計用!$G:$G,"*, "&$C57&", *")/$B57*100 -> 0 | K57: =COUNTIFS(集計用!$S:$S, "*"&K$4&", *",集計用!$G:$G,"*, "&$C57&", *")/$B57*100 -> 0 | ... AI57: =COUNTIFS(集計用!$S:$S, "*"&AI$4&", *",集計用!$G:$G,"*, "&$C57&", *")/$B57*100 -> 0
A58: NA | B58: =(COUNTIFS(集計用!$G:$G,"*, "&$C58&",*",集計用!$T:$T, "<>無回答")) -> 4 | C58: ダイク／dyke | D58: =COUNTIFS(集計用!$S:$S, "*"&D$4&", *",集計用!$G:$G,"*, "&$C58&", *")/$B58*100 -> 0 | E58: =COUNTIFS(集計用!$S:$S, "*"&E$4&", *",集計用!$G:$G,"*, "&$C58&", *")/$B58*100 -> 0 | F58: =COUNTIFS(集計用!$S:$S, "*"&F$4&", *",集計用!$G:$G,"*, "&$C58&", *")/$B58*100 -> 0 | G58: =COUNTIFS(集計用!$S:$S, "*"&G$4&", *",集計用!$G:$G,"*, "&$C58&", *")/$B58*100 -> 0 | H58: =COUNTIFS(集計用!$S:$S, "*"&H$4&", *",集計用!$G:$G,"*, "&$C58&", *")/$B58*100 -> 0 | I58: =COUNTIFS(集計用!$S:$S, "*"&I$4&", *",集計用!$G:$G,"*, "&$C58&", *")/$B58*100 -> 0 | J58: =COUNTIFS(集計用!$S:$S, "*"&J$4&", *",集計用!$G:$G,"*, "&$C58&", *")/$B58*100 -> 0 | K58: =COUNTIFS(集計用!$S:$S, "*"&K$4&", *",集計用!$G:$G,"*, "&$C58&", *")/$B58*100 -> 0 | ... AI58: =COUNTIFS(集計用!$S:$S, "*"&AI$4&", *",集計用!$G:$G,"*, "&$C58&", *")/$B58*100 -> 0
A59: NA | B59: =(COUNTIFS(集計用!$G:$G,"*, "&$C59&",*",集計用!$T:$T, "<>無回答")) -> 4 | C59: ブッチ／butch | D59: =COUNTIFS(集計用!$S:$S, "*"&D$4&", *",集計用!$G:$G,"*, "&$C59&", *")/$B59*100 -> 0 | E59: =COUNTIFS(集計用!$S:$S, "*"&E$4&", *",集計用!$G:$G,"*, "&$C59&", *")/$B59*100 -> 0 | F59: =COUNTIFS(集計用!$S:$S, "*"&F$4&", *",集計用!$G:$G,"*, "&$C59&", *")/$B59*100 -> 0 | G59: =COUNTIFS(集計用!$S:$S, "*"&G$4&", *",集計用!$G:$G,"*, "&$C59&", *")/$B59*100 -> 0 | H59: =COUNTIFS(集計用!$S:$S, "*"&H$4&", *",集計用!$G:$G,"*, "&$C59&", *")/$B59*100 -> 0 | I59: =COUNTIFS(集計用!$S:$S, "*"&I$4&", *",集計用!$G:$G,"*, "&$C59&", *")/$B59*100 -> 0 | J59: =COUNTIFS(集計用!$S:$S, "*"&J$4&", *",集計用!$G:$G,"*, "&$C59&", *")/$B59*100 -> 0 | K59: =COUNTIFS(集計用!$S:$S, "*"&K$4&", *",集計用!$G:$G,"*, "&$C59&", *")/$B59*100 -> 0 | ... AI59: =COUNTIFS(集計用!$S:$S, "*"&AI$4&", *",集計用!$G:$G,"*, "&$C59&", *")/$B59*100 -> 0
A60: NA | B60: =(COUNTIFS(集計用!$G:$G,"*, "&$C60&",*",集計用!$T:$T, "<>無回答")) -> 3 | C60: おかま | D60: =COUNTIFS(集計用!$S:$S, "*"&D$4&", *",集計用!$G:$G,"*, "&$C60&", *")/$B60*100 -> 0 | E60: =COUNTIFS(集計用!$S:$S, "*"&E$4&", *",集計用!$G:$G,"*, "&$C60&", *")/$B60*100 -> 0 | F60: =COUNTIFS(集計用!$S:$S, "*"&F$4&", *",集計用!$G:$G,"*, "&$C60&", *")/$B60*100 -> 0 | G60: =COUNTIFS(集計用!$S:$S, "*"&G$4&", *",集計用!$G:$G,"*, "&$C60&", *")/$B60*100 -> 0 | H60: =COUNTIFS(集計用!$S:$S, "*"&H$4&", *",集計用!$G:$G,"*, "&$C60&", *")/$B60*100 -> 0 | I60: =COUNTIFS(集計用!$S:$S, "*"&I$4&", *",集計用!$G:$G,"*, "&$C60&", *")/$B60*100 -> 0 | J60: =COUNTIFS(集計用!$S:$S, "*"&J$4&", *",集計用!$G:$G,"*, "&$C60&", *")/$B60*100 -> 0 | K60: =COUNTIFS(集計用!$S:$S, "*"&K$4&", *",集計用!$G:$G,"*, "&$C60&", *")/$B60*100 -> 0 | ... AI60: =COUNTIFS(集計用!$S:$S, "*"&AI$4&", *",集計用!$G:$G,"*, "&$C60&", *")/$B60*100 -> 0
A61: NA | B61: =(COUNTIFS(集計用!$G:$G,"*, "&$C61&",*",集計用!$T:$T, "<>無回答")) -> 2 | C61: ニューハーフ | D61: =COUNTIFS(集計用!$S:$S, "*"&D$4&", *",集計用!$G:$G,"*, "&$C61&", *")/$B61*100 -> 0 | E61: =COUNTIFS(集計用!$S:$S, "*"&E$4&", *",集計用!$G:$G,"*, "&$C61&", *")/$B61*100 -> 0 | F61: =COUNTIFS(集計用!$S:$S, "*"&F$4&", *",集計用!$G:$G,"*, "&$C61&", *")/$B61*100 -> 0 | G61: =COUNTIFS(集計用!$S:$S, "*"&G$4&", *",集計用!$G:$G,"*, "&$C61&", *")/$B61*100 -> 0 | H61: =COUNTIFS(集計用!$S:$S, "*"&H$4&", *",集計用!$G:$G,"*, "&$C61&", *")/$B61*100 -> 0 | I61: =COUNTIFS(集計用!$S:$S, "*"&I$4&", *",集計用!$G:$G,"*, "&$C61&", *")/$B61*100 -> 0 | J61: =COUNTIFS(集計用!$S:$S, "*"&J$4&", *",集計用!$G:$G,"*, "&$C61&", *")/$B61*100 -> 0 | K61: =COUNTIFS(集計用!$S:$S, "*"&K$4&", *",集計用!$G:$G,"*, "&$C61&", *")/$B61*100 -> 0 | ... AI61: =COUNTIFS(集計用!$S:$S, "*"&AI$4&", *",集計用!$G:$G,"*, "&$C61&", *")/$B61*100 -> 0
A62: NA | B62: =(COUNTIFS(集計用!$G:$G,"*, "&$C62&",*",集計用!$T:$T, "<>無回答")) -> 1 | C62: おなべ | D62: =COUNTIFS(集計用!$S:$S, "*"&D$4&", *",集計用!$G:$G,"*, "&$C62&", *")/$B62*100 -> 0 | E62: =COUNTIFS(集計用!$S:$S, "*"&E$4&", *",集計用!$G:$G,"*, "&$C62&", *")/$B62*100 -> 0 | F62: =COUNTIFS(集計用!$S:$S, "*"&F$4&", *",集計用!$G:$G,"*, "&$C62&", *")/$B62*100 -> 0 | G62: =COUNTIFS(集計用!$S:$S, "*"&G$4&", *",集計用!$G:$G,"*, "&$C62&", *")/$B62*100 -> 0 | H62: =COUNTIFS(集計用!$S:$S, "*"&H$4&", *",集計用!$G:$G,"*, "&$C62&", *")/$B62*100 -> 0 | I62: =COUNTIFS(集計用!$S:$S, "*"&I$4&", *",集計用!$G:$G,"*, "&$C62&", *")/$B62*100 -> 0 | J62: =COUNTIFS(集計用!$S:$S, "*"&J$4&", *",集計用!$G:$G,"*, "&$C62&", *")/$B62*100 -> 0 | K62: =COUNTIFS(集計用!$S:$S, "*"&K$4&", *",集計用!$G:$G,"*, "&$C62&", *")/$B62*100 -> 0 | ... AI62: =COUNTIFS(集計用!$S:$S, "*"&AI$4&", *",集計用!$G:$G,"*, "&$C62&", *")/$B62*100 -> 0

Sheet A6.ジェンダーと三人称 (英)
A1: 表A6：ジェンダー・ラベルごとの英語三人称（英語を日常的に使う方, %）
C3: n | D3: =COUNTIFS(集計用!$S$2:$U$444,"*"&D4&",*",集計用!$S$2:$U$444,"<>*英語を日常的に*") -> 72 | E3: =COUNTIFS(集計用!$S$2:$U$444,"*"&E4&",*",集計用!$S$2:$U$444,"<>*英語を日常的に*") -> 57 | F3: =COUNTIFS(集計用!$S$2:$U$444,"*"&F4&",*",集計用!$S$2:$U$444,"<>*英語を日常的に*") -> 37 | G3: =COUNTIFS(集計用!$S$2:$U$444,"*"&G4&",*",集計用!$S$2:$U$444,"<>*英語を日常的に*") -> 19 | H3: =COUNTIFS(集計用!$S$2:$U$444,"*"&H4&",*",集計用!$S$2:$U$444,"<>*英語を日常的に*") -> 21 | I3: =COUNTIFS(集計用!$S$2:$U$444,"*"&I4&",*",集計用!$S$2:$U$444,"<>*英語を日常的に*") -> 51 | J3: =COUNTIFS(集計用!$S$2:$U$444,"*"&J4&",*",集計用!$S$2:$U$444,"<>*英語を日常的に*") -> 11 | K3: =COUNTIFS(集計用!$S$2:$U$444,"*"&K4&",*",集計用!$S$2:$U$444,"<>*英語を日常的に*") -> 7 | ... R3: =COUNTIFS(集計用!$S$2:$U$444,"*"&R4&",*",集計用!$S$2:$U$444,"<>*英語を日常的に*") -> 0
A4: cluster | B4: n= | C4: ジェンダー・ラベル | D4: they/them/their/themself | E4: they/them/their/themselves | F4: she | G4: （クエスチョニング、模索中、または不明） | H4: any/問わない/どれでもよい | I4: he | J4: （時とともに変わる） | K4: ze | L4: xe | M4: ey/em (Elverson) | N4: fae | O4: ne | P4: ve | Q4: ae/aer | R4: e/em (Spivak)
A5: 0 | B5: =(COUNTA(集計用!$U:$U)-1)-COUNTIF(集計用!$U:$U, "*英語を日常的に*")-COUNTIF(集計用!$U:$U, "無回答") -> 149 | C5: 全回答者 | D5: =(COUNTIFS(集計用!$U:$U, "*, "&D$4&", *")-COUNTIFS(集計用!$U:$U, "*英語を日常的に*",集計用!$U:$U, "*, "&D$4&", *"))/$B5*100 -> 48.322148 | E5: =(COUNTIFS(集計用!$U:$U, "*, "&E$4&", *")-COUNTIFS(集計用!$U:$U, "*英語を日常的に*",集計用!$U:$U, "*, "&E$4&", *"))/$B5*100 -> 38.255034 | F5: =(COUNTIFS(集計用!$U:$U, "*, "&F$4&", *")-COUNTIFS(集計用!$U:$U, "*英語を日常的に*",集計用!$U:$U, "*, "&F$4&", *"))/$B5*100 -> 24.832215 | G5: =(COUNTIFS(集計用!$U:$U, "*, "&G$4&", *")-COUNTIFS(集計用!$U:$U, "*英語を日常的に*",集計用!$U:$U, "*, "&G$4&", *"))/$B5*100 -> 12.751678 | H5: =(COUNTIFS(集計用!$U:$U, "*, "&H$4&", *")-COUNTIFS(集計用!$U:$U, "*英語を日常的に*",集計用!$U:$U, "*, "&H$4&", *"))/$B5*100 -> 14.09396 | I5: =(COUNTIFS(集計用!$U:$U, "*, "&I$4&", *")-COUNTIFS(集計用!$U:$U, "*英語を日常的に*",集計用!$U:$U, "*, "&I$4&", *"))/$B5*100 -> 10.067114 | J5: =(COUNTIFS(集計用!$U:$U, "*, "&J$4&", *")-COUNTIFS(集計用!$U:$U, "*英語を日常的に*",集計用!$U:$U, "*, "&J$4&", *"))/$B5*100 -> 7.3825503 | K5: =(COUNTIFS(集計用!$U:$U, "*, "&K$4&", *")-COUNTIFS(集計用!$U:$U, "*英語を日常的に*",集計用!$U:$U, "*, "&K$4&", *"))/$B5*100 -> 4.6979866 | ... R5: =(COUNTIFS(集計用!$U:$U, "*, "&R$4&", *")-COUNTIFS(集計用!$U:$U, "*英語を日常的に*",集計用!$U:$U, "*, "&R$4&", *"))/$B5*100 -> 0
A6: 1 | B6: =(COUNTIFS(集計用!$G:$G,"*, "&$C6&",*"))-COUNTIFS(集計用!U:U, "*英語を日常的に*",集計用!$G:$G,"*, "&$C6&",*") -> 96 | C6: ノンバイナリー | D6: =(COUNTIFS(集計用!$U:$U, "*, "&D$4&", *",集計用!$G:$G,"*, "&$C6&", *")-COUNTIFS(集計用!$U:$U, "*, "&D$4&", *",集計用!$G:$G,"*, "&$C6&", *",集計用!$U:$U, "*英語を日常的に*"))/$B6*100 -> 54.166667 | E6: =(COUNTIFS(集計用!$U:$U, "*, "&E$4&", *",集計用!$G:$G,"*, "&$C6&", *")-COUNTIFS(集計用!$U:$U, "*, "&E$4&", *",集計用!$G:$G,"*, "&$C6&", *",集計用!$U:$U, "*英語を日常的に*"))/$B6*100 -> 41.666667 | F6: =(COUNTIFS(集計用!$U:$U, "*, "&F$4&", *",集計用!$G:$G,"*, "&$C6&", *")-COUNTIFS(集計用!$U:$U, "*, "&F$4&", *",集計用!$G:$G,"*, "&$C6&", *",集計用!$U:$U, "*英語を日常的に*"))/$B6*100 -> 12.5 | G6: =(COUNTIFS(集計用!$U:$U, "*, "&G$4&", *",集計用!$G:$G,"*, "&$C6&", *")-COUNTIFS(集計用!$U:$U, "*, "&G$4&", *",集計用!$G:$G,"*, "&$C6&", *",集計用!$U:$U, "*英語を日常的に*"))/$B6*100 -> 16.666667 | H6: =(COUNTIFS(集計用!$U:$U, "*, "&H$4&", *",集計用!$G:$G,"*, "&$C6&", *")-COUNTIFS(集計用!$U:$U, "*, "&H$4&", *",集計用!$G:$G,"*, "&$C6&", *",集計用!$U:$U, "*英語を日常的に*"))/$B6*100 -> 13.541667 | I6: =(COUNTIFS(集計用!$U:$U, "*, "&I$4&", *",集計用!$G:$G,"*, "&$C6&", *")-COUNTIFS(集計用!$U:$U, "*, "&I$4&", *",集計用!$G:$G,"*, "&$C6&", *",集計用!$U:$U, "*英語を日常的に*"))/$B6*100 -> 9.375 | J6: =(COUNTIFS(集計用!$U:$U, "*, "&J$4&", *",集計用!$G:$G,"*, "&$C6&", *")-COUNTIFS(集計用!$U:$U, "*, "&J$4&", *",集計用!$G:$G,"*, "&$C6&", *",集計用!$U:$U, "*英語を日常的に*"))/$B6*100 -> 5.2083333 | K6: =(COUNTIFS(集計用!$U:$U, "*, "&K$4&", *",集計用!$G:$G,"*, "&$C6&", *")-COUNTIFS(集計用!$U:$U, "*, "&K$4&", *",集計用!$G:$G,"*, "&$C6&", *",集計用!$U:$U, "*英語を日常的に*"))/$B6*100 -> 5.2083333 | ... R6: =(COUNTIFS(集計用!$U:$U, "*, "&R$4&", *",集計用!$G:$G,"*, "&$C6&", *")-COUNTIFS(集計用!$U:$U, "*, "&R$4&", *",集計用!$G:$G,"*, "&$C6&", *",集計用!$U:$U, "*英語を日常的に*"))/$B6*100 -> 0
A7: 1 | B7: =(COUNTIFS(集計用!$G:$G,"*, "&$C7&",*"))-COUNTIFS(集計用!U:U, "*英語を日常的に*",集計用!$G:$G,"*, "&$C7&",*") -> 63 | C7: クィア／Queer | D7: =(COUNTIFS(集計用!$U:$U, "*, "&D$4&", *",集計用!$G:$G,"*, "&$C7&", *")-COUNTIFS(集計用!$U:$U, "*, "&D$4&", *",集計用!$G:$G,"*, "&$C7&", *",集計用!$U:$U, "*英語を日常的に*"))/$B7*100 -> 55.555556 | E7: =(COUNTIFS(集計用!$U:$U, "*, "&E$4&", *",集計用!$G:$G,"*, "&$C7&", *")-COUNTIFS(集計用!$U:$U, "*, "&E$4&", *",集計用!$G:$G,"*, "&$C7&", *",集計用!$U:$U, "*英語を日常的に*"))/$B7*100 -> 39.68254 | F7: =(COUNTIFS(集計用!$U:$U, "*, "&F$4&", *",集計用!$G:$G,"*, "&$C7&", *")-COUNTIFS(集計用!$U:$U, "*, "&F$4&", *",集計用!$G:$G,"*, "&$C7&", *",集計用!$U:$U, "*英語を日常的に*"))/$B7*100 -> 28.571429 | G7: =(COUNTIFS(集計用!$U:$U, "*, "&G$4&", *",集計用!$G:$G,"*, "&$C7&", *")-COUNTIFS(集計用!$U:$U, "*, "&G$4&", *",集計用!$G:$G,"*, "&$C7&", *",集計用!$U:$U, "*英語を日常的に*"))/$B7*100 -> 11.111111 | H7: =(COUNTIFS(集計用!$U:$U, "*, "&H$4&", *",集計用!$G:$G,"*, "&$C7&", *")-COUNTIFS(集計用!$U:$U, "*, "&H$4&", *",集計用!$G:$G,"*, "&$C7&", *",集計用!$U:$U, "*英語を日常的に*"))/$B7*100 -> 17.460317 | I7: =(COUNTIFS(集計用!$U:$U, "*, "&I$4&", *",集計用!$G:$G,"*, "&$C7&", *")-COUNTIFS(集計用!$U:$U, "*, "&I$4&", *",集計用!$G:$G,"*, "&$C7&", *",集計用!$U:$U, "*英語を日常的に*"))/$B7*100 -> 11.111111 | J7: =(COUNTIFS(集計用!$U:$U, "*, "&J$4&", *",集計用!$G:$G,"*, "&$C7&", *")-COUNTIFS(集計用!$U:$U, "*, "&J$4&", *",集計用!$G:$G,"*, "&$C7&", *",集計用!$U:$U, "*英語を日常的に*"))/$B7*100 -> 4.7619048 | K7: =(COUNTIFS(集計用!$U:$U, "*, "&K$4&", *",集計用!$G:$G,"*, "&$C7&", *")-COUNTIFS(集計用!$U:$U, "*, "&K$4&", *",集計用!$G:$G,"*, "&$C7&", *",集計用!$U:$U, "*英語を日常的に*"))/$B7*100 -> 7.9365079 | ... R7: =(COUNTIFS(集計用!$U:$U, "*, "&R$4&", *",集計用!$G:$G,"*, "&$C7&", *")-COUNTIFS(集計用!$U:$U, "*, "&R$4&", *",集計用!$G:$G,"*, "&$C7&", *",集計用!$U:$U, "*英語を日常的に*"))/$B7*100 -> 0
A8: 2 | B8: =(COUNTIFS(集計用!$G:$G,"*, "&$C8&",*"))-COUNTIFS(集計用!U:U, "*英語を日常的に*",集計用!$G:$G,"*, "&$C8&",*") -> 40 | C8: Xジェンダー | D8: =(COUNTIFS(集計用!$U:$U, "*, "&D$4&", *",集計用!$G:$G,"*, "&$C8&", *")-COUNTIFS(集計用!$U:$U, "*, "&D$4&", *",集計用!$G:$G,"*, "&$C8&", *",集計用!$U:$U, "*英語を日常的に*"))/$B8*100 -> 37.5 | E8: =(COUNTIFS(集計用!$U:$U, "*, "&E$4&", *",集計用!$G:$G,"*, "&$C8&", *")-COUNTIFS(集計用!$U:$U, "*, "&E$4&", *",集計用!$G:$G,"*, "&$C8&", *",集計用!$U:$U, "*英語を日常的に*"))/$B8*100 -> 42.5 | F8: =(COUNTIFS(集計用!$U:$U, "*, "&F$4&", *",集計用!$G:$G,"*, "&$C8&", *")-COUNTIFS(集計用!$U:$U, "*, "&F$4&", *",集計用!$G:$G,"*, "&$C8&", *",集計用!$U:$U, "*英語を日常的に*"))/$B8*100 -> 12.5 | G8: =(COUNTIFS(集計用!$U:$U, "*, "&G$4&", *",集計用!$G:$G,"*, "&$C8&", *")-COUNTIFS(集計用!$U:$U, "*, "&G$4&", *",集計用!$G:$G,"*, "&$C8&", *",集計用!$U:$U, "*英語を日常的に*"))/$B8*100 -> 20 | H8: =(COUNTIFS(集計用!$U:$U, "*, "&H$4&", *",集計用!$G:$G,"*, "&$C8&", *")-COUNTIFS(集計用!$U:$U, "*, "&H$4&", *",集計用!$G:$G,"*, "&$C8&", *",集計用!$U:$U, "*英語を日常的に*"))/$B8*100 -> 15 | I8: =(COUNTIFS(集計用!$U:$U, "*, "&I$4&", *",集計用!$G:$G,"*, "&$C8&", *")-COUNTIFS(集計用!$U:$U, "*, "&I$4&", *",集計用!$G:$G,"*, "&$C8&", *",集計用!$U:$U, "*英語を日常的に*"))/$B8*100 -> 10 | J8: =(COUNTIFS(集計用!$U:$U, "*, "&J$4&", *",集計用!$G:$G,"*, "&$C8&", *")-COUNTIFS(集計用!$U:$U, "*, "&J$4&", *",集計用!$G:$G,"*, "&$C8&", *",集計用!$U:$U, "*英語を日常的に*"))/$B8*100 -> 12.5 | K8: =(COUNTIFS(集計用!$U:$U, "*, "&K$4&", *",集計用!$G:$G,"*, "&$C8&", *")-COUNTIFS(集計用!$U:$U, "*, "&K$4&", *",集計用!$G:$G,"*, "&$C8&", *",集計用!$U:$U, "*英語を日常的に*"))/$B8*100 -> 7.5 | ... R8: =(COUNTIFS(集計用!$U:$U, "*, "&R$4&", *",集計用!$G:$G,"*, "&$C8&", *")-COUNTIFS(集計用!$U:$U, "*, "&R$4&", *",集計用!$G:$G,"*, "&$C8&", *",集計用!$U:$U, "*英語を日常的に*"))/$B8*100 -> 0
A9: 1 | B9: =(COUNTIFS(集計用!$G:$G,"*, "&$C9&",*"))-COUNTIFS(集計用!U:U, "*英語を日常的に*",集計用!$G:$G,"*, "&$C9&",*") -> 30 | C9: クエスチョニング | D9: =(COUNTIFS(集計用!$U:$U, "*, "&D$4&", *",集計用!$G:$G,"*, "&$C9&", *")-COUNTIFS(集計用!$U:$U, "*, "&D$4&", *",集計用!$G:$G,"*, "&$C9&", *",集計用!$U:$U, "*英語を日常的に*"))/$B9*100 -> 56.666667 | E9: =(COUNTIFS(集計用!$U:$U, "*, "&E$4&", *",集計用!$G:$G,"*, "&$C9&", *")-COUNTIFS(集計用!$U:$U, "*, "&E$4&", *",集計用!$G:$G,"*, "&$C9&", *",集計用!$U:$U, "*英語を日常的に*"))/$B9*100 -> 33.333333 | F9: =(COUNTIFS(集計用!$U:$U, "*, "&F$4&", *",集計用!$G:$G,"*, "&$C9&", *")-COUNTIFS(集計用!$U:$U, "*, "&F$4&", *",集計用!$G:$G,"*, "&$C9&", *",集計用!$U:$U, "*英語を日常的に*"))/$B9*100 -> 26.666667 | G9: =(COUNTIFS(集計用!$U:$U, "*, "&G$4&", *",集計用!$G:$G,"*, "&$C9&", *")-COUNTIFS(集計用!$U:$U, "*, "&G$4&", *",集計用!$G:$G,"*, "&$C9&", *",集計用!$U:$U, "*英語を日常的に*"))/$B9*100 -> 16.666667 | H9: =(COUNTIFS(集計用!$U:$U, "*, "&H$4&", *",集計用!$G:$G,"*, "&$C9&", *")-COUNTIFS(集計用!$U:$U, "*, "&H$4&", *",集計用!$G:$G,"*, "&$C9&", *",集計用!$U:$U, "*英語を日常的に*"))/$B9*100 -> 26.666667 | I9: =(COUNTIFS(集計用!$U:$U, "*, "&I$4&", *",集計用!$G:$G,"*, "&$C9&", *")-COUNTIFS(集計用!$U:$U, "*, "&I$4&", *",集計用!$G:$G,"*, "&$C9&", *",集計用!$U:$U, "*英語を日常的に*"))/$B9*100 -> 10 | J9: =(COUNTIFS(集計用!$U:$U, "*, "&J$4&", *",集計用!$G:$G,"*, "&$C9&", *")-COUNTIFS(集計用!$U:$U, "*, "&J$4&", *",集計用!$G:$G,"*, "&$C9&", *",集計用!$U:$U, "*英語を日常的に*"))/$B9*100 -> 13.333333 | K9: =(COUNTIFS(集計用!$U:$U, "*, "&K$4&", *",集計用!$G:$G,"*, "&$C9&", *")-COUNTIFS(集計用!$U:$U, "*, "&K$4&", *",集計用!$G:$G,"*, "&$C9&", *",集計用!$U:$U, "*英語を日常的に*"))/$B9*100 -> 6.6666667 | ... R9: =(COUNTIFS(集計用!$U:$U, "*, "&R$4&", *",集計用!$G:$G,"*, "&$C9&", *")-COUNTIFS(集計用!$U:$U, "*, "&R$4&", *",集計用!$G:$G,"*, "&$C9&", *",集計用!$U:$U, "*英語を日常的に*"))/$B9*100 -> 0
A10: 3 | B10: =(COUNTIFS(集計用!$G:$G,"*, "&$C10&",*"))-COUNTIFS(集計用!U:U, "*英語を日常的に*",集計用!$G:$G,"*, "&$C10&",*") -> 26 | C10: 無性 | D10: =(COUNTIFS(集計用!$U:$U, "*, "&D$4&", *",集計用!$G:$G,"*, "&$C10&", *")-COUNTIFS(集計用!$U:$U, "*, "&D$4&", *",集計用!$G:$G,"*, "&$C10&", *",集計用!$U:$U, "*英語を日常的に*"))/$B10*100 -> 73.076923 | E10: =(COUNTIFS(集計用!$U:$U, "*, "&E$4&", *",集計用!$G:$G,"*, "&$C10&", *")-COUNTIFS(集計用!$U:$U, "*, "&E$4&", *",集計用!$G:$G,"*, "&$C10&", *",集計用!$U:$U, "*英語を日常的に*"))/$B10*100 -> 46.153846 | F10: =(COUNTIFS(集計用!$U:$U, "*, "&F$4&", *",集計用!$G:$G,"*, "&$C10&", *")-COUNTIFS(集計用!$U:$U, "*, "&F$4&", *",集計用!$G:$G,"*, "&$C10&", *",集計用!$U:$U, "*英語を日常的に*"))/$B10*100 -> 15.384615 | G10: =(COUNTIFS(集計用!$U:$U, "*, "&G$4&", *",集計用!$G:$G,"*, "&$C10&", *")-COUNTIFS(集計用!$U:$U, "*, "&G$4&", *",集計用!$G:$G,"*, "&$C10&", *",集計用!$U:$U, "*英語を日常的に*"))/$B10*100 -> 11.538462 | H10: =(COUNTIFS(集計用!$U:$U, "*, "&H$4&", *",集計用!$G:$G,"*, "&$C10&", *")-COUNTIFS(集計用!$U:$U, "*, "&H$4&", *",集計用!$G:$G,"*, "&$C10&", *",集計用!$U:$U, "*英語を日常的に*"))/$B10*100 -> 11.538462 | I10: =(COUNTIFS(集計用!$U:$U, "*, "&I$4&", *",集計用!$G:$G,"*, "&$C10&", *")-COUNTIFS(集計用!$U:$U, "*, "&I$4&", *",集計用!$G:$G,"*, "&$C10&", *",集計用!$U:$U, "*英語を日常的に*"))/$B10*100 -> 11.538462 | J10: =(COUNTIFS(集計用!$U:$U, "*, "&J$4&", *",集計用!$G:$G,"*, "&$C10&", *")-COUNTIFS(集計用!$U:$U, "*, "&J$4&", *",集計用!$G:$G,"*, "&$C10&", *",集計用!$U:$U, "*英語を日常的に*"))/$B10*100 -> 3.8461538 | K10: =(COUNTIFS(集計用!$U:$U, "*, "&K$4&", *",集計用!$G:$G,"*, "&$C10&", *")-COUNTIFS(集計用!$U:$U, "*, "&K$4&", *",集計用!$G:$G,"*, "&$C10&", *",集計用!$U:$U, "*英語を日常的に*"))/$B10*100 -> 11.538462 | ... R10: =(COUNTIFS(集計用!$U:$U, "*, "&R$4&", *",集計用!$G:$G,"*, "&$C10&", *")-COUNTIFS(集計用!$U:$U, "*, "&R$4&", *",集計用!$G:$G,"*, "&$C10&", *",集計用!$U:$U, "*英語を日常的に*"))/$B10*100 -> 0
A11: 4 | B11: =(COUNTIFS(集計用!$G:$G,"*, "&$C11&",*"))-COUNTIFS(集計用!U:U, "*英語を日常的に*",集計用!$G:$G,"*, "&$C11&",*") -> 26 | C11: （ジェンダー・）フルイド／（ジェンダー・）フリュイド／（ジェンダー・）フルイッド | D11: =(COUNTIFS(集計用!$U:$U, "*, "&D$4&", *",集計用!$G:$G,"*, "&$C11&", *")-COUNTIFS(集計用!$U:$U, "*, "&D$4&", *",集計用!$G:$G,"*, "&$C11&", *",集計用!$U:$U, "*英語を日常的に*"))/$B11*100 -> 61.538462 | E11: =(COUNTIFS(集計用!$U:$U, "*, "&E$4&", *",集計用!$G:$G,"*, "&$C11&", *")-COUNTIFS(集計用!$U:$U, "*, "&E$4&", *",集計用!$G:$G,"*, "&$C11&", *",集計用!$U:$U, "*英語を日常的に*"))/$B11*100 -> 30.769231 | F11: =(COUNTIFS(集計用!$U:$U, "*, "&F$4&", *",集計用!$G:$G,"*, "&$C11&", *")-COUNTIFS(集計用!$U:$U, "*, "&F$4&", *",集計用!$G:$G,"*, "&$C11&", *",集計用!$U:$U, "*英語を日常的に*"))/$B11*100 -> 34.615385 | G11: =(COUNTIFS(集計用!$U:$U, "*, "&G$4&", *",集計用!$G:$G,"*, "&$C11&", *")-COUNTIFS(集計用!$U:$U, "*, "&G$4&", *",集計用!$G:$G,"*, "&$C11&", *",集計用!$U:$U, "*英語を日常的に*"))/$B11*100 -> 23.076923 | H11: =(COUNTIFS(集計用!$U:$U, "*, "&H$4&", *",集計用!$G:$G,"*, "&$C11&", *")-COUNTIFS(集計用!$U:$U, "*, "&H$4&", *",集計用!$G:$G,"*, "&$C11&", *",集計用!$U:$U, "*英語を日常的に*"))/$B11*100 -> 15.384615 | I11: =(COUNTIFS(集計用!$U:$U, "*, "&I$4&", *",集計用!$G:$G,"*, "&$C11&", *")-COUNTIFS(集計用!$U:$U, "*, "&I$4&", *",集計用!$G:$G,"*, "&$C11&", *",集計用!$U:$U, "*英語を日常的に*"))/$B11*100 -> 15.384615 | J11: =(COUNTIFS(集計用!$U:$U, "*, "&J$4&", *",集計用!$G:$G,"*, "&$C11&", *")-COUNTIFS(集計用!$U:$U, "*, "&J$4&", *",集計用!$G:$G,"*, "&$C11&", *",集計用!$U:$U, "*英語を日常的に*"))/$B11*100 -> 7.6923077 | K11: =(COUNTIFS(集計用!$U:$U, "*, "&K$4&", *",集計用!$G:$G,"*, "&$C11&", *")-COUNTIFS(集計用!$U:$U, "*, "&K$4&", *",集計用!$G:$G,"*, "&$C11&", *",集計用!$U:$U, "*英語を日常的に*"))/$B11*100 -> 11.538462 | ... R11: =(COUNTIFS(集計用!$U:$U, "*, "&R$4&", *",集計用!$G:$G,"*, "&$C11&", *")-COUNTIFS(集計用!$U:$U, "*, "&R$4&", *",集計用!$G:$G,"*, "&$C11&", *",集計用!$U:$U, "*英語を日常的に*"))/$B11*100 -> 0
A12: 1 | B12: =(COUNTIFS(集計用!$G:$G,"*, "&$C12&",*"))-COUNTIFS(集計用!U:U, "*英語を日常的に*",集計用!$G:$G,"*, "&$C12&",*") -> 30 | C12: ジェンダークィア | D12: =(COUNTIFS(集計用!$U:$U, "*, "&D$4&", *",集計用!$G:$G,"*, "&$C12&", *")-COUNTIFS(集計用!$U:$U, "*, "&D$4&", *",集計用!$G:$G,"*, "&$C12&", *",集計用!$U:$U, "*英語を日常的に*"))/$B12*100 -> 60 | E12: =(COUNTIFS(集計用!$U:$U, "*, "&E$4&", *",集計用!$G:$G,"*, "&$C12&", *")-COUNTIFS(集計用!$U:$U, "*, "&E$4&", *",集計用!$G:$G,"*, "&$C12&", *",集計用!$U:$U, "*英語を日常的に*"))/$B12*100 -> 30 | F12: =(COUNTIFS(集計用!$U:$U, "*, "&F$4&", *",集計用!$G:$G,"*, "&$C12&", *")-COUNTIFS(集計用!$U:$U, "*, "&F$4&", *",集計用!$G:$G,"*, "&$C12&", *",集計用!$U:$U, "*英語を日常的に*"))/$B12*100 -> 13.333333 | G12: =(COUNTIFS(集計用!$U:$U, "*, "&G$4&", *",集計用!$G:$G,"*, "&$C12&", *")-COUNTIFS(集計用!$U:$U, "*, "&G$4&", *",集計用!$G:$G,"*, "&$C12&", *",集計用!$U:$U, "*英語を日常的に*"))/$B12*100 -> 13.333333 | H12: =(COUNTIFS(集計用!$U:$U, "*, "&H$4&", *",集計用!$G:$G,"*, "&$C12&", *")-COUNTIFS(集計用!$U:$U, "*, "&H$4&", *",集計用!$G:$G,"*, "&$C12&", *",集計用!$U:$U, "*英語を日常的に*"))/$B12*100 -> 16.666667 | I12: =(COUNTIFS(集計用!$U:$U, "*, "&I$4&", *",集計用!$G:$G,"*, "&$C12&", *")-COUNTIFS(集計用!$U:$U, "*, "&I$4&", *",集計用!$G:$G,"*, "&$C12&", *",集計用!$U:$U, "*英語を日常的に*"))/$B12*100 -> 16.666667 | J12: =(COUNTIFS(集計用!$U:$U, "*, "&J$4&", *",集計用!$G:$G,"*, "&$C12&", *")-COUNTIFS(集計用!$U:$U, "*, "&J$4&", *",集計用!$G:$G,"*, "&$C12&", *",集計用!$U:$U, "*英語を日常的に*"))/$B12*100 -> 6.6666667 | K12: =(COUNTIFS(集計用!$U:$U, "*, "&K$4&", *",集計用!$G:$G,"*, "&$C12&", *")-COUNTIFS(集計用!$U:$U, "*, "&K$4&", *",集計用!$G:$G,"*, "&$C12&", *",集計用!$U:$U, "*英語を日常的に*"))/$B12*100 -> 10 | ... R12: =(COUNTIFS(集計用!$U:$U, "*, "&R$4&", *",集計用!$G:$G,"*, "&$C12&", *")-COUNTIFS(集計用!$U:$U, "*, "&R$4&", *",集計用!$G:$G,"*, "&$C12&", *",集計用!$U:$U, "*英語を日常的に*"))/$B12*100 -> 0
A13: 1 | B13: =(COUNTIFS(集計用!$G:$G,"*, "&$C13&",*"))-COUNTIFS(集計用!U:U, "*英語を日常的に*",集計用!$G:$G,"*, "&$C13&",*") -> 23 | C13: 不明／わからない | D13: =(COUNTIFS(集計用!$U:$U, "*, "&D$4&", *",集計用!$G:$G,"*, "&$C13&", *")-COUNTIFS(集計用!$U:$U, "*, "&D$4&", *",集計用!$G:$G,"*, "&$C13&", *",集計用!$U:$U, "*英語を日常的に*"))/$B13*100 -> 34.782609 | E13: =(COUNTIFS(集計用!$U:$U, "*, "&E$4&", *",集計用!$G:$G,"*, "&$C13&", *")-COUNTIFS(集計用!$U:$U, "*, "&E$4&", *",集計用!$G:$G,"*, "&$C13&", *",集計用!$U:$U, "*英語を日常的に*"))/$B13*100 -> 52.173913 | F13: =(COUNTIFS(集計用!$U:$U, "*, "&F$4&", *",集計用!$G:$G,"*, "&$C13&", *")-COUNTIFS(集計用!$U:$U, "*, "&F$4&", *",集計用!$G:$G,"*, "&$C13&", *",集計用!$U:$U, "*英語を日常的に*"))/$B13*100 -> 21.73913 | G13: =(COUNTIFS(集計用!$U:$U, "*, "&G$4&", *",集計用!$G:$G,"*, "&$C13&", *")-COUNTIFS(集計用!$U:$U, "*, "&G$4&", *",集計用!$G:$G,"*, "&$C13&", *",集計用!$U:$U, "*英語を日常的に*"))/$B13*100 -> 17.391304 | H13: =(COUNTIFS(集計用!$U:$U, "*, "&H$4&", *",集計用!$G:$G,"*, "&$C13&", *")-COUNTIFS(集計用!$U:$U, "*, "&H$4&", *",集計用!$G:$G,"*, "&$C13&", *",集計用!$U:$U, "*英語を日常的に*"))/$B13*100 -> 13.043478 | I13: =(COUNTIFS(集計用!$U:$U, "*, "&I$4&", *",集計用!$G:$G,"*, "&$C13&", *")-COUNTIFS(集計用!$U:$U, "*, "&I$4&", *",集計用!$G:$G,"*, "&$C13&", *",集計用!$U:$U, "*英語を日常的に*"))/$B13*100 -> 8.6956522 | J13: =(COUNTIFS(集計用!$U:$U, "*, "&J$4&", *",集計用!$G:$G,"*, "&$C13&", *")-COUNTIFS(集計用!$U:$U, "*, "&J$4&", *",集計用!$G:$G,"*, "&$C13&", *",集計用!$U:$U, "*英語を日常的に*"))/$B13*100 -> 8.6956522 | K13: =(COUNTIFS(集計用!$U:$U, "*, "&K$4&", *",集計用!$G:$G,"*, "&$C13&", *")-COUNTIFS(集計用!$U:$U, "*, "&K$4&", *",集計用!$G:$G,"*, "&$C13&", *",集計用!$U:$U, "*英語を日常的に*"))/$B13*100 -> 0 | ... R13: =(COUNTIFS(集計用!$U:$U, "*, "&R$4&", *",集計用!$G:$G,"*, "&$C13&", *")-COUNTIFS(集計用!$U:$U, "*, "&R$4&", *",集計用!$G:$G,"*, "&$C13&", *",集計用!$U:$U, "*英語を日常的に*"))/$B13*100 -> 0
A14: 3 | B14: =(COUNTIFS(集計用!$G:$G,"*, "&$C14&",*"))-COUNTIFS(集計用!U:U, "*英語を日常的に*",集計用!$G:$G,"*, "&$C14&",*") -> 26 | C14: Aジェンダー／エイジェンダー／アジェンダー／agender | D14: =(COUNTIFS(集計用!$U:$U, "*, "&D$4&", *",集計用!$G:$G,"*, "&$C14&", *")-COUNTIFS(集計用!$U:$U, "*, "&D$4&", *",集計用!$G:$G,"*, "&$C14&", *",集計用!$U:$U, "*英語を日常的に*"))/$B14*100 -> 53.846154 | E14: =(COUNTIFS(集計用!$U:$U, "*, "&E$4&", *",集計用!$G:$G,"*, "&$C14&", *")-COUNTIFS(集計用!$U:$U, "*, "&E$4&", *",集計用!$G:$G,"*, "&$C14&", *",集計用!$U:$U, "*英語を日常的に*"))/$B14*100 -> 61.538462 | F14: =(COUNTIFS(集計用!$U:$U, "*, "&F$4&", *",集計用!$G:$G,"*, "&$C14&", *")-COUNTIFS(集計用!$U:$U, "*, "&F$4&", *",集計用!$G:$G,"*, "&$C14&", *",集計用!$U:$U, "*英語を日常的に*"))/$B14*100 -> 15.384615 | G14: =(COUNTIFS(集計用!$U:$U, "*, "&G$4&", *",集計用!$G:$G,"*, "&$C14&", *")-COUNTIFS(集計用!$U:$U, "*, "&G$4&", *",集計用!$G:$G,"*, "&$C14&", *",集計用!$U:$U, "*英語を日常的に*"))/$B14*100 -> 11.538462 | H14: =(COUNTIFS(集計用!$U:$U, "*, "&H$4&", *",集計用!$G:$G,"*, "&$C14&", *")-COUNTIFS(集計用!$U:$U, "*, "&H$4&", *",集計用!$G:$G,"*, "&$C14&", *",集計用!$U:$U, "*英語を日常的に*"))/$B14*100 -> 15.384615 | I14: =(COUNTIFS(集計用!$U:$U, "*, "&I$4&", *",集計用!$G:$G,"*, "&$C14&", *")-COUNTIFS(集計用!$U:$U, "*, "&I$4&", *",集計用!$G:$G,"*, "&$C14&", *",集計用!$U:$U, "*英語を日常的に*"))/$B14*100 -> 15.384615 | J14: =(COUNTIFS(集計用!$U:$U, "*, "&J$4&", *",集計用!$G:$G,"*, "&$C14&", *")-COUNTIFS(集計用!$U:$U, "*, "&J$4&", *",集計用!$G:$G,"*, "&$C14&", *",集計用!$U:$U, "*英語を日常的に*"))/$B14*100 -> 0 | K14: =(COUNTIFS(集計用!$U:$U, "*, "&K$4&", *",集計用!$G:$G,"*, "&$C14&", *")-COUNTIFS(集計用!$U:$U, "*, "&K$4&", *",集計用!$G:$G,"*, "&$C14&", *",集計用!$U:$U, "*英語を日常的に*"))/$B14*100 -> 7.6923077 | ... R14: =(COUNTIFS(集計用!$U:$U, "*, "&R$4&", *",集計用!$G:$G,"*, "&$C14&", *")-COUNTIFS(集計用!$U:$U, "*, "&R$4&", *",集計用!$G:$G,"*, "&$C14&", *",集計用!$U:$U, "*英語を日常的に*"))/$B14*100 -> 0
A15: 2 | B15: =(COUNTIFS(集計用!$G:$G,"*, "&$C15&",*"))-COUNTIFS(集計用!U:U, "*英語を日常的に*",集計用!$G:$G,"*, "&$C15&",*") -> 21 | C15: X | D15: =(COUNTIFS(集計用!$U:$U, "*, "&D$4&", *",集計用!$G:$G,"*, "&$C15&", *")-COUNTIFS(集計用!$U:$U, "*, "&D$4&", *",集計用!$G:$G,"*, "&$C15&", *",集計用!$U:$U, "*英語を日常的に*"))/$B15*100 -> 47.619048 | E15: =(COUNTIFS(集計用!$U:$U, "*, "&E$4&", *",集計用!$G:$G,"*, "&$C15&", *")-COUNTIFS(集計用!$U:$U, "*, "&E$4&", *",集計用!$G:$G,"*, "&$C15&", *",集計用!$U:$U, "*英語を日常的に*"))/$B15*100 -> 42.857143 | F15: =(COUNTIFS(集計用!$U:$U, "*, "&F$4&", *",集計用!$G:$G,"*, "&$C15&", *")-COUNTIFS(集計用!$U:$U, "*, "&F$4&", *",集計用!$G:$G,"*, "&$C15&", *",集計用!$U:$U, "*英語を日常的に*"))/$B15*100 -> 9.5238095 | G15: =(COUNTIFS(集計用!$U:$U, "*, "&G$4&", *",集計用!$G:$G,"*, "&$C15&", *")-COUNTIFS(集計用!$U:$U, "*, "&G$4&", *",集計用!$G:$G,"*, "&$C15&", *",集計用!$U:$U, "*英語を日常的に*"))/$B15*100 -> 19.047619 | H15: =(COUNTIFS(集計用!$U:$U, "*, "&H$4&", *",集計用!$G:$G,"*, "&$C15&", *")-COUNTIFS(集計用!$U:$U, "*, "&H$4&", *",集計用!$G:$G,"*, "&$C15&", *",集計用!$U:$U, "*英語を日常的に*"))/$B15*100 -> 23.809524 | I15: =(COUNTIFS(集計用!$U:$U, "*, "&I$4&", *",集計用!$G:$G,"*, "&$C15&", *")-COUNTIFS(集計用!$U:$U, "*, "&I$4&", *",集計用!$G:$G,"*, "&$C15&", *",集計用!$U:$U, "*英語を日常的に*"))/$B15*100 -> 14.285714 | J15: =(COUNTIFS(集計用!$U:$U, "*, "&J$4&", *",集計用!$G:$G,"*, "&$C15&", *")-COUNTIFS(集計用!$U:$U, "*, "&J$4&", *",集計用!$G:$G,"*, "&$C15&", *",集計用!$U:$U, "*英語を日常的に*"))/$B15*100 -> 14.285714 | K15: =(COUNTIFS(集計用!$U:$U, "*, "&K$4&", *",集計用!$G:$G,"*, "&$C15&", *")-COUNTIFS(集計用!$U:$U, "*, "&K$4&", *",集計用!$G:$G,"*, "&$C15&", *",集計用!$U:$U, "*英語を日常的に*"))/$B15*100 -> 4.7619048 | ... R15: =(COUNTIFS(集計用!$U:$U, "*, "&R$4&", *",集計用!$G:$G,"*, "&$C15&", *")-COUNTIFS(集計用!$U:$U, "*, "&R$4&", *",集計用!$G:$G,"*, "&$C15&", *",集計用!$U:$U, "*英語を日常的に*"))/$B15*100 -> 0
A16: 5 | B16: =(COUNTIFS(集計用!$G:$G,"*, "&$C16&",*"))-COUNTIFS(集計用!U:U, "*英語を日常的に*",集計用!$G:$G,"*, "&$C16&",*") -> 20 | C16: トランスジェンダー | D16: =(COUNTIFS(集計用!$U:$U, "*, "&D$4&", *",集計用!$G:$G,"*, "&$C16&", *")-COUNTIFS(集計用!$U:$U, "*, "&D$4&", *",集計用!$G:$G,"*, "&$C16&", *",集計用!$U:$U, "*英語を日常的に*"))/$B16*100 -> 65 | E16: =(COUNTIFS(集計用!$U:$U, "*, "&E$4&", *",集計用!$G:$G,"*, "&$C16&", *")-COUNTIFS(集計用!$U:$U, "*, "&E$4&", *",集計用!$G:$G,"*, "&$C16&", *",集計用!$U:$U, "*英語を日常的に*"))/$B16*100 -> 40 | F16: =(COUNTIFS(集計用!$U:$U, "*, "&F$4&", *",集計用!$G:$G,"*, "&$C16&", *")-COUNTIFS(集計用!$U:$U, "*, "&F$4&", *",集計用!$G:$G,"*, "&$C16&", *",集計用!$U:$U, "*英語を日常的に*"))/$B16*100 -> 20 | G16: =(COUNTIFS(集計用!$U:$U, "*, "&G$4&", *",集計用!$G:$G,"*, "&$C16&", *")-COUNTIFS(集計用!$U:$U, "*, "&G$4&", *",集計用!$G:$G,"*, "&$C16&", *",集計用!$U:$U, "*英語を日常的に*"))/$B16*100 -> 5 | H16: =(COUNTIFS(集計用!$U:$U, "*, "&H$4&", *",集計用!$G:$G,"*, "&$C16&", *")-COUNTIFS(集計用!$U:$U, "*, "&H$4&", *",集計用!$G:$G,"*, "&$C16&", *",集計用!$U:$U, "*英語を日常的に*"))/$B16*100 -> 5 | I16: =(COUNTIFS(集計用!$U:$U, "*, "&I$4&", *",集計用!$G:$G,"*, "&$C16&", *")-COUNTIFS(集計用!$U:$U, "*, "&I$4&", *",集計用!$G:$G,"*, "&$C16&", *",集計用!$U:$U, "*英語を日常的に*"))/$B16*100 -> 25 | J16: =(COUNTIFS(集計用!$U:$U, "*, "&J$4&", *",集計用!$G:$G,"*, "&$C16&", *")-COUNTIFS(集計用!$U:$U, "*, "&J$4&", *",集計用!$G:$G,"*, "&$C16&", *",集計用!$U:$U, "*英語を日常的に*"))/$B16*100 -> 0 | K16: =(COUNTIFS(集計用!$U:$U, "*, "&K$4&", *",集計用!$G:$G,"*, "&$C16&", *")-COUNTIFS(集計用!$U:$U, "*, "&K$4&", *",集計用!$G:$G,"*, "&$C16&", *",集計用!$U:$U, "*英語を日常的に*"))/$B16*100 -> 5 | ... R16: =(COUNTIFS(集計用!$U:$U, "*, "&R$4&", *",集計用!$G:$G,"*, "&$C16&", *")-COUNTIFS(集計用!$U:$U, "*, "&R$4&", *",集計用!$G:$G,"*, "&$C16&", *",集計用!$U:$U, "*英語を日常的に*"))/$B16*100 -> 0
A17: 2 | B17: =(COUNTIFS(集計用!$G:$G,"*, "&$C17&",*"))-COUNTIFS(集計用!U:U, "*英語を日常的に*",集計用!$G:$G,"*, "&$C17&",*") -> 15 | C17: 中性 | D17: =(COUNTIFS(集計用!$U:$U, "*, "&D$4&", *",集計用!$G:$G,"*, "&$C17&", *")-COUNTIFS(集計用!$U:$U, "*, "&D$4&", *",集計用!$G:$G,"*, "&$C17&", *",集計用!$U:$U, "*英語を日常的に*"))/$B17*100 -> 60 | E17: =(COUNTIFS(集計用!$U:$U, "*, "&E$4&", *",集計用!$G:$G,"*, "&$C17&", *")-COUNTIFS(集計用!$U:$U, "*, "&E$4&", *",集計用!$G:$G,"*, "&$C17&", *",集計用!$U:$U, "*英語を日常的に*"))/$B17*100 -> 40 | F17: =(COUNTIFS(集計用!$U:$U, "*, "&F$4&", *",集計用!$G:$G,"*, "&$C17&", *")-COUNTIFS(集計用!$U:$U, "*, "&F$4&", *",集計用!$G:$G,"*, "&$C17&", *",集計用!$U:$U, "*英語を日常的に*"))/$B17*100 -> 20 | G17: =(COUNTIFS(集計用!$U:$U, "*, "&G$4&", *",集計用!$G:$G,"*, "&$C17&", *")-COUNTIFS(集計用!$U:$U, "*, "&G$4&", *",集計用!$G:$G,"*, "&$C17&", *",集計用!$U:$U, "*英語を日常的に*"))/$B17*100 -> 26.666667 | H17: =(COUNTIFS(集計用!$U:$U, "*, "&H$4&", *",集計用!$G:$G,"*, "&$C17&", *")-COUNTIFS(集計用!$U:$U, "*, "&H$4&", *",集計用!$G:$G,"*, "&$C17&", *",集計用!$U:$U, "*英語を日常的に*"))/$B17*100 -> 20 | I17: =(COUNTIFS(集計用!$U:$U, "*, "&I$4&", *",集計用!$G:$G,"*, "&$C17&", *")-COUNTIFS(集計用!$U:$U, "*, "&I$4&", *",集計用!$G:$G,"*, "&$C17&", *",集計用!$U:$U, "*英語を日常的に*"))/$B17*100 -> 6.6666667 | J17: =(COUNTIFS(集計用!$U:$U, "*, "&J$4&", *",集計用!$G:$G,"*, "&$C17&", *")-COUNTIFS(集計用!$U:$U, "*, "&J$4&", *",集計用!$G:$G,"*, "&$C17&", *",集計用!$U:$U, "*英語を日常的に*"))/$B17*100 -> 13.333333 | K17: =(COUNTIFS(集計用!$U:$U, "*, "&K$4&", *",集計用!$G:$G,"*, "&$C17&", *")-COUNTIFS(集計用!$U:$U, "*, "&K$4&", *",集計用!$G:$G,"*, "&$C17&", *",集計用!$U:$U, "*英語を日常的に*"))/$B17*100 -> 6.6666667 | ... R17: =(COUNTIFS(集計用!$U:$U, "*, "&R$4&", *",集計用!$G:$G,"*, "&$C17&", *")-COUNTIFS(集計用!$U:$U, "*, "&R$4&", *",集計用!$G:$G,"*, "&$C17&", *",集計用!$U:$U, "*英語を日常的に*"))/$B17*100 -> 0
... A57: 4 | B57: =(COUNTIFS(集計用!$G:$G,"*, "&$C57&",*"))-COUNTIFS(集計用!U:U, "*英語を日常的に*",集計用!$G:$G,"*, "&$C57&",*") -> 2 | C57: 少女 | D57: =(COUNTIFS(集計用!$U:$U, "*, "&D$4&", *",集計用!$G:$G,"*, "&$C57&", *")-COUNTIFS(集計用!$U:$U, "*, "&D$4&", *",集計用!$G:$G,"*, "&$C57&", *",集計用!$U:$U, "*英語を日常的に*"))/$B57*100 -> 0 | E57: =(COUNTIFS(集計用!$U:$U, "*, "&E$4&", *",集計用!$G:$G,"*, "&$C57&", *")-COUNTIFS(集計用!$U:$U, "*, "&E$4&", *",集計用!$G:$G,"*, "&$C57&", *",集計用!$U:$U, "*英語を日常的に*"))/$B57*100 -> 50 | F57: =(COUNTIFS(集計用!$U:$U, "*, "&F$4&", *",集計用!$G:$G,"*, "&$C57&", *")-COUNTIFS(集計用!$U:$U, "*, "&F$4&", *",集計用!$G:$G,"*, "&$C57&", *",集計用!$U:$U, "*英語を日常的に*"))/$B57*100 -> 0 | G57: =(COUNTIFS(集計用!$U:$U, "*, "&G$4&", *",集計用!$G:$G,"*, "&$C57&", *")-COUNTIFS(集計用!$U:$U, "*, "&G$4&", *",集計用!$G:$G,"*, "&$C57&", *",集計用!$U:$U, "*英語を日常的に*"))/$B57*100 -> 50 | H57: =(COUNTIFS(集計用!$U:$U, "*, "&H$4&", *",集計用!$G:$G,"*, "&$C57&", *")-COUNTIFS(集計用!$U:$U, "*, "&H$4&", *",集計用!$G:$G,"*, "&$C57&", *",集計用!$U:$U, "*英語を日常的に*"))/$B57*100 -> 0 | I57: =(COUNTIFS(集計用!$U:$U, "*, "&I$4&", *",集計用!$G:$G,"*, "&$C57&", *")-COUNTIFS(集計用!$U:$U, "*, "&I$4&", *",集計用!$G:$G,"*, "&$C57&", *",集計用!$U:$U, "*英語を日常的に*"))/$B57*100 -> 0 | J57: =(COUNTIFS(集計用!$U:$U, "*, "&J$4&", *",集計用!$G:$G,"*, "&$C57&", *")-COUNTIFS(集計用!$U:$U, "*, "&J$4&", *",集計用!$G:$G,"*, "&$C57&", *",集計用!$U:$U, "*英語を日常的に*"))/$B57*100 -> 0 | K57: =(COUNTIFS(集計用!$U:$U, "*, "&K$4&", *",集計用!$G:$G,"*, "&$C57&", *")-COUNTIFS(集計用!$U:$U, "*, "&K$4&", *",集計用!$G:$G,"*, "&$C57&", *",集計用!$U:$U, "*英語を日常的に*"))/$B57*100 -> 0 | ... R57: =(COUNTIFS(集計用!$U:$U, "*, "&R$4&", *",集計用!$G:$G,"*, "&$C57&", *")-COUNTIFS(集計用!$U:$U, "*, "&R$4&", *",集計用!$G:$G,"*, "&$C57&", *",集計用!$U:$U, "*英語を日常的に*"))/$B57*100 -> 0
A58: NA | B58: =(COUNTIFS(集計用!$G:$G,"*, "&$C58&",*"))-COUNTIFS(集計用!U:U, "*英語を日常的に*",集計用!$G:$G,"*, "&$C58&",*") -> 1 | C58: ダイク／dyke | D58: =(COUNTIFS(集計用!$U:$U, "*, "&D$4&", *",集計用!$G:$G,"*, "&$C58&", *")-COUNTIFS(集計用!$U:$U, "*, "&D$4&", *",集計用!$G:$G,"*, "&$C58&", *",集計用!$U:$U, "*英語を日常的に*"))/$B58*100 -> 0 | E58: =(COUNTIFS(集計用!$U:$U, "*, "&E$4&", *",集計用!$G:$G,"*, "&$C58&", *")-COUNTIFS(集計用!$U:$U, "*, "&E$4&", *",集計用!$G:$G,"*, "&$C58&", *",集計用!$U:$U, "*英語を日常的に*"))/$B58*100 -> 0 | F58: =(COUNTIFS(集計用!$U:$U, "*, "&F$4&", *",集計用!$G:$G,"*, "&$C58&", *")-COUNTIFS(集計用!$U:$U, "*, "&F$4&", *",集計用!$G:$G,"*, "&$C58&", *",集計用!$U:$U, "*英語を日常的に*"))/$B58*100 -> 100 | G58: =(COUNTIFS(集計用!$U:$U, "*, "&G$4&", *",集計用!$G:$G,"*, "&$C58&", *")-COUNTIFS(集計用!$U:$U, "*, "&G$4&", *",集計用!$G:$G,"*, "&$C58&", *",集計用!$U:$U, "*英語を日常的に*"))/$B58*100 -> 0 | H58: =(COUNTIFS(集計用!$U:$U, "*, "&H$4&", *",集計用!$G:$G,"*, "&$C58&", *")-COUNTIFS(集計用!$U:$U, "*, "&H$4&", *",集計用!$G:$G,"*, "&$C58&", *",集計用!$U:$U, "*英語を日常的に*"))/$B58*100 -> 0 | I58: =(COUNTIFS(集計用!$U:$U, "*, "&I$4&", *",集計用!$G:$G,"*, "&$C58&", *")-COUNTIFS(集計用!$U:$U, "*, "&I$4&", *",集計用!$G:$G,"*, "&$C58&", *",集計用!$U:$U, "*英語を日常的に*"))/$B58*100 -> 0 | J58: =(COUNTIFS(集計用!$U:$U, "*, "&J$4&", *",集計用!$G:$G,"*, "&$C58&", *")-COUNTIFS(集計用!$U:$U, "*, "&J$4&", *",集計用!$G:$G,"*, "&$C58&", *",集計用!$U:$U, "*英語を日常的に*"))/$B58*100 -> 0 | K58: =(COUNTIFS(集計用!$U:$U, "*, "&K$4&", *",集計用!$G:$G,"*, "&$C58&", *")-COUNTIFS(集計用!$U:$U, "*, "&K$4&", *",集計用!$G:$G,"*, "&$C58&", *",集計用!$U:$U, "*英語を日常的に*"))/$B58*100 -> 0 | ... R58: =(COUNTIFS(集計用!$U:$U, "*, "&R$4&", *",集計用!$G:$G,"*, "&$C58&", *")-COUNTIFS(集計用!$U:$U, "*, "&R$4&", *",集計用!$G:$G,"*, "&$C58&", *",集計用!$U:$U, "*英語を日常的に*"))/$B58*100 -> 0
A59: NA | B59: =(COUNTIFS(集計用!$G:$G,"*, "&$C59&",*"))-COUNTIFS(集計用!U:U, "*英語を日常的に*",集計用!$G:$G,"*, "&$C59&",*") -> 3 | C59: ブッチ／butch | D59: =(COUNTIFS(集計用!$U:$U, "*, "&D$4&", *",集計用!$G:$G,"*, "&$C59&", *")-COUNTIFS(集計用!$U:$U, "*, "&D$4&", *",集計用!$G:$G,"*, "&$C59&", *",集計用!$U:$U, "*英語を日常的に*"))/$B59*100 -> 33.333333 | E59: =(COUNTIFS(集計用!$U:$U, "*, "&E$4&", *",集計用!$G:$G,"*, "&$C59&", *")-COUNTIFS(集計用!$U:$U, "*, "&E$4&", *",集計用!$G:$G,"*, "&$C59&", *",集計用!$U:$U, "*英語を日常的に*"))/$B59*100 -> 0 | F59: =(COUNTIFS(集計用!$U:$U, "*, "&F$4&", *",集計用!$G:$G,"*, "&$C59&", *")-COUNTIFS(集計用!$U:$U, "*, "&F$4&", *",集計用!$G:$G,"*, "&$C59&", *",集計用!$U:$U, "*英語を日常的に*"))/$B59*100 -> 33.333333 | G59: =(COUNTIFS(集計用!$U:$U, "*, "&G$4&", *",集計用!$G:$G,"*, "&$C59&", *")-COUNTIFS(集計用!$U:$U, "*, "&G$4&", *",集計用!$G:$G,"*, "&$C59&", *",集計用!$U:$U, "*英語を日常的に*"))/$B59*100 -> 0 | H59: =(COUNTIFS(集計用!$U:$U, "*, "&H$4&", *",集計用!$G:$G,"*, "&$C59&", *")-COUNTIFS(集計用!$U:$U, "*, "&H$4&", *",集計用!$G:$G,"*, "&$C59&", *",集計用!$U:$U, "*英語を日常的に*"))/$B59*100 -> 33.333333 | I59: =(COUNTIFS(集計用!$U:$U, "*, "&I$4&", *",集計用!$G:$G,"*, "&$C59&", *")-COUNTIFS(集計用!$U:$U, "*, "&I$4&", *",集計用!$G:$G,"*, "&$C59&", *",集計用!$U:$U, "*英語を日常的に*"))/$B59*100 -> 0 | J59: =(COUNTIFS(集計用!$U:$U, "*, "&J$4&", *",集計用!$G:$G,"*, "&$C59&", *")-COUNTIFS(集計用!$U:$U, "*, "&J$4&", *",集計用!$G:$G,"*, "&$C59&", *",集計用!$U:$U, "*英語を日常的に*"))/$B59*100 -> 0 | K59: =(COUNTIFS(集計用!$U:$U, "*, "&K$4&", *",集計用!$G:$G,"*, "&$C59&", *")-COUNTIFS(集計用!$U:$U, "*, "&K$4&", *",集計用!$G:$G,"*, "&$C59&", *",集計用!$U:$U, "*英語を日常的に*"))/$B59*100 -> 33.333333 | ... R59: =(COUNTIFS(集計用!$U:$U, "*, "&R$4&", *",集計用!$G:$G,"*, "&$C59&", *")-COUNTIFS(集計用!$U:$U, "*, "&R$4&", *",集計用!$G:$G,"*, "&$C59&", *",集計用!$U:$U, "*英語を日常的に*"))/$B59*100 -> 0
A60: NA | B60: =(COUNTIFS(集計用!$G:$G,"*, "&$C60&",*"))-COUNTIFS(集計用!U:U, "*英語を日常的に*",集計用!$G:$G,"*, "&$C60&",*") -> 2 | C60: おかま | D60: =(COUNTIFS(集計用!$U:$U, "*, "&D$4&", *",集計用!$G:$G,"*, "&$C60&", *")-COUNTIFS(集計用!$U:$U, "*, "&D$4&", *",集計用!$G:$G,"*, "&$C60&", *",集計用!$U:$U, "*英語を日常的に*"))/$B60*100 -> 50 | E60: =(COUNTIFS(集計用!$U:$U, "*, "&E$4&", *",集計用!$G:$G,"*, "&$C60&", *")-COUNTIFS(集計用!$U:$U, "*, "&E$4&", *",集計用!$G:$G,"*, "&$C60&", *",集計用!$U:$U, "*英語を日常的に*"))/$B60*100 -> 50 | F60: =(COUNTIFS(集計用!$U:$U, "*, "&F$4&", *",集計用!$G:$G,"*, "&$C60&", *")-COUNTIFS(集計用!$U:$U, "*, "&F$4&", *",集計用!$G:$G,"*, "&$C60&", *",集計用!$U:$U, "*英語を日常的に*"))/$B60*100 -> 0 | G60: =(COUNTIFS(集計用!$U:$U, "*, "&G$4&", *",集計用!$G:$G,"*, "&$C60&", *")-COUNTIFS(集計用!$U:$U, "*, "&G$4&", *",集計用!$G:$G,"*, "&$C60&", *",集計用!$U:$U, "*英語を日常的に*"))/$B60*100 -> 0 | H60: =(COUNTIFS(集計用!$U:$U, "*, "&H$4&", *",集計用!$G:$G,"*, "&$C60&", *")-COUNTIFS(集計用!$U:$U, "*, "&H$4&", *",集計用!$G:$G,"*, "&$C60&", *",集計用!$U:$U, "*英語を日常的に*"))/$B60*100 -> 0 | I60: =(COUNTIFS(集計用!$U:$U, "*, "&I$4&", *",集計用!$G:$G,"*, "&$C60&", *")-COUNTIFS(集計用!$U:$U, "*, "&I$4&", *",集計用!$G:$G,"*, "&$C60&", *",集計用!$U:$U, "*英語を日常的に*"))/$B60*100 -> 0 | J60: =(COUNTIFS(集計用!$U:$U, "*, "&J$4&", *",集計用!$G:$G,"*, "&$C60&", *")-COUNTIFS(集計用!$U:$U, "*, "&J$4&", *",集計用!$G:$G,"*, "&$C60&", *",集計用!$U:$U, "*英語を日常的に*"))/$B60*100 -> 0 | K60: =(COUNTIFS(集計用!$U:$U, "*, "&K$4&", *",集計用!$G:$G,"*, "&$C60&", *")-COUNTIFS(集計用!$U:$U, "*, "&K$4&", *",集計用!$G:$G,"*, "&$C60&", *",集計用!$U:$U, "*英語を日常的に*"))/$B60*100 -> 0 | ... R60: =(COUNTIFS(集計用!$U:$U, "*, "&R$4&", *",集計用!$G:$G,"*, "&$C60&", *")-COUNTIFS(集計用!$U:$U, "*, "&R$4&", *",集計用!$G:$G,"*, "&$C60&", *",集計用!$U:$U, "*英語を日常的に*"))/$B60*100 -> 0
A61: NA | B61: =(COUNTIFS(集計用!$G:$G,"*, "&$C61&",*"))-COUNTIFS(集計用!U:U, "*英語を日常的に*",集計用!$G:$G,"*, "&$C61&",*") -> 0 | C61: ニューハーフ | D61: =(COUNTIFS(集計用!$U:$U, "*, "&D$4&", *",集計用!$G:$G,"*, "&$C61&", *")-COUNTIFS(集計用!$U:$U, "*, "&D$4&", *",集計用!$G:$G,"*, "&$C61&", *",集計用!$U:$U, "*英語を日常的に*"))/$B61*100 -> #DIV/0! | E61: =(COUNTIFS(集計用!$U:$U, "*, "&E$4&", *",集計用!$G:$G,"*, "&$C61&", *")-COUNTIFS(集計用!$U:$U, "*, "&E$4&", *",集計用!$G:$G,"*, "&$C61&", *",集計用!$U:$U, "*英語を日常的に*"))/$B61*100 -> #DIV/0! | F61: =(COUNTIFS(集計用!$U:$U, "*, "&F$4&", *",集計用!$G:$G,"*, "&$C61&", *")-COUNTIFS(集計用!$U:$U, "*, "&F$4&", *",集計用!$G:$G,"*, "&$C61&", *",集計用!$U:$U, "*英語を日常的に*"))/$B61*100 -> #DIV/0! | G61: =(COUNTIFS(集計用!$U:$U, "*, "&G$4&", *",集計用!$G:$G,"*, "&$C61&", *")-COUNTIFS(集計用!$U:$U, "*, "&G$4&", *",集計用!$G:$G,"*, "&$C61&", *",集計用!$U:$U, "*英語を日常的に*"))/$B61*100 -> #DIV/0! | H61: =(COUNTIFS(集計用!$U:$U, "*, "&H$4&", *",集計用!$G:$G,"*, "&$C61&", *")-COUNTIFS(集計用!$U:$U, "*, "&H$4&", *",集計用!$G:$G,"*, "&$C61&", *",集計用!$U:$U, "*英語を日常的に*"))/$B61*100 -> #DIV/0! | I61: =(COUNTIFS(集計用!$U:$U, "*, "&I$4&", *",集計用!$G:$G,"*, "&$C61&", *")-COUNTIFS(集計用!$U:$U, "*, "&I$4&", *",集計用!$G:$G,"*, "&$C61&", *",集計用!$U:$U, "*英語を日常的に*"))/$B61*100 -> #DIV/0! | J61: =(COUNTIFS(集計用!$U:$U, "*, "&J$4&", *",集計用!$G:$G,"*, "&$C61&", *")-COUNTIFS(集計用!$U:$U, "*, "&J$4&", *",集計用!$G:$G,"*, "&$C61&", *",集計用!$U:$U, "*英語を日常的に*"))/$B61*100 -> #DIV/0! | K61: =(COUNTIFS(集計用!$U:$U, "*, "&K$4&", *",集計用!$G:$G,"*, "&$C61&", *")-COUNTIFS(集計用!$U:$U, "*, "&K$4&", *",集計用!$G:$G,"*, "&$C61&", *",集計用!$U:$U, "*英語を日常的に*"))/$B61*100 -> #DIV/0! | ... R61: =(COUNTIFS(集計用!$U:$U, "*, "&R$4&", *",集計用!$G:$G,"*, "&$C61&", *")-COUNTIFS(集計用!$U:$U, "*, "&R$4&", *",集計用!$G:$G,"*, "&$C61&", *",集計用!$U:$U, "*英語を日常的に*"))/$B61*100 -> #DIV/0!
A62: NA | B62: =(COUNTIFS(集計用!$G:$G,"*, "&$C62&",*"))-COUNTIFS(集計用!U:U, "*英語を日常的に*",集計用!$G:$G,"*, "&$C62&",*") -> 0 | C62: おなべ | D62: =(COUNTIFS(集計用!$U:$U, "*, "&D$4&", *",集計用!$G:$G,"*, "&$C62&", *")-COUNTIFS(集計用!$U:$U, "*, "&D$4&", *",集計用!$G:$G,"*, "&$C62&", *",集計用!$U:$U, "*英語を日常的に*"))/$B62*100 -> #DIV/0! | E62: =(COUNTIFS(集計用!$U:$U, "*, "&E$4&", *",集計用!$G:$G,"*, "&$C62&", *")-COUNTIFS(集計用!$U:$U, "*, "&E$4&", *",集計用!$G:$G,"*, "&$C62&", *",集計用!$U:$U, "*英語を日常的に*"))/$B62*100 -> #DIV/0! | F62: =(COUNTIFS(集計用!$U:$U, "*, "&F$4&", *",集計用!$G:$G,"*, "&$C62&", *")-COUNTIFS(集計用!$U:$U, "*, "&F$4&", *",集計用!$G:$G,"*, "&$C62&", *",集計用!$U:$U, "*英語を日常的に*"))/$B62*100 -> #DIV/0! | G62: =(COUNTIFS(集計用!$U:$U, "*, "&G$4&", *",集計用!$G:$G,"*, "&$C62&", *")-COUNTIFS(集計用!$U:$U, "*, "&G$4&", *",集計用!$G:$G,"*, "&$C62&", *",集計用!$U:$U, "*英語を日常的に*"))/$B62*100 -> #DIV/0! | H62: =(COUNTIFS(集計用!$U:$U, "*, "&H$4&", *",集計用!$G:$G,"*, "&$C62&", *")-COUNTIFS(集計用!$U:$U, "*, "&H$4&", *",集計用!$G:$G,"*, "&$C62&", *",集計用!$U:$U, "*英語を日常的に*"))/$B62*100 -> #DIV/0! | I62: =(COUNTIFS(集計用!$U:$U, "*, "&I$4&", *",集計用!$G:$G,"*, "&$C62&", *")-COUNTIFS(集計用!$U:$U, "*, "&I$4&", *",集計用!$G:$G,"*, "&$C62&", *",集計用!$U:$U, "*英語を日常的に*"))/$B62*100 -> #DIV/0! | J62: =(COUNTIFS(集計用!$U:$U, "*, "&J$4&", *",集計用!$G:$G,"*, "&$C62&", *")-COUNTIFS(集計用!$U:$U, "*, "&J$4&", *",集計用!$G:$G,"*, "&$C62&", *",集計用!$U:$U, "*英語を日常的に*"))/$B62*100 -> #DIV/0! | K62: =(COUNTIFS(集計用!$U:$U, "*, "&K$4&", *",集計用!$G:$G,"*, "&$C62&", *")-COUNTIFS(集計用!$U:$U, "*, "&K$4&", *",集計用!$G:$G,"*, "&$C62&", *",集計用!$U:$U, "*英語を日常的に*"))/$B62*100 -> #DIV/0! | ... R62: =(COUNTIFS(集計用!$U:$U, "*, "&R$4&", *",集計用!$G:$G,"*, "&$C62&", *")-COUNTIFS(集計用!$U:$U, "*, "&R$4&", *",集計用!$G:$G,"*, "&$C62&", *",集計用!$U:$U, "*英語を日常的に*"))/$B62*100 -> #DIV/0!

Sheet A7.三人称（日）と三人称 (英)
A1: 表A7：英語三人称ごとの、選択された日本語三人称（英語を日常的に使う方, %）
B3: n | C3: =(COUNTIFS(集計用!$U:$U, "<>無回答",集計用!$U:$U, "<>*英語を日常的に*", 集計用!$T:$T, "*, "&C$4&",*" )) -> 81 | D3: =(COUNTIFS(集計用!$U:$U, "<>無回答",集計用!$U:$U, "<>*英語を日常的に*", 集計用!$T:$T, "*, "&D$4&",*" )) -> 39 | E3: =(COUNTIFS(集計用!$U:$U, "<>無回答",集計用!$U:$U, "<>*英語を日常的に*", 集計用!$T:$T, "*, "&E$4&",*" )) -> 26 | F3: =(COUNTIFS(集計用!$U:$U, "<>無回答",集計用!$U:$U, "<>*英語を日常的に*", 集計用!$T:$T, "*, "&F$4&",*" )) -> 20 | G3: =(COUNTIFS(集計用!$U:$U, "<>無回答",集計用!$U:$U, "<>*英語を日常的に*", 集計用!$T:$T, "*, "&G$4&",*" )) -> 18 | H3: =(COUNTIFS(集計用!$U:$U, "<>無回答",集計用!$U:$U, "<>*英語を日常的に*", 集計用!$T:$T, "*, "&H$4&",*" )) -> 18 | I3: =(COUNTIFS(集計用!$U:$U, "<>無回答",集計用!$U:$U, "<>*英語を日常的に*", 集計用!$T:$T, "*, "&I$4&",*" )) -> 9 | J3: =(COUNTIFS(集計用!$U:$U, "<>無回答",集計用!$U:$U, "<>*英語を日常的に*", 集計用!$T:$T, "*, "&J$4&",*" )) -> 13 | ... O3: =(COUNTIFS(集計用!$U:$U, "<>無回答",集計用!$U:$U, "<>*英語を日常的に*", 集計用!$T:$T, "*, "&O$4&",*" )) -> 2
A4: n= | B4: 三人称代名詞 | C4: （自分（たち）の名前） | D4: （三人称で言及してほしくない） | E4: （any／問わない／どれでもよい） | F4: 彼 | G4: 彼人（かのひと） | H4: 彼女 | I4: 彼人（かのと） | J4: かれ | K4: 渠（かれ） | L4: 彼男（かのだん） | M4: {この/その/あの}+人 | N4: {この/その/あの}+子 | O4: {この/その/あの}+ひと
A5: =(COUNTIF(集計用!U2:U444,"<>*英語を日常的に*")-COUNTIF(集計用!$T:$T,"無回答 , ")-COUNTIF(集計用!$U:$U,"無回答")+COUNTIFS(集計用!$T:$T,"無回答",集計用!$U:$U,"無回答")) -> 133 | B5: 全回答者 | C5: =(COUNTIFS(集計用!$U:$U, "<>無回答",集計用!$U:$U, "<>*英語を日常的に*", 集計用!$T:$T, "*, "&C$4&",*" ))/$A5*100 -> 60.902256 | D5: =(COUNTIFS(集計用!$U:$U, "<>無回答",集計用!$U:$U, "<>*英語を日常的に*", 集計用!$T:$T, "*, "&D$4&",*" ))/$A5*100 -> 29.323308 | E5: =(COUNTIFS(集計用!$U:$U, "<>無回答",集計用!$U:$U, "<>*英語を日常的に*", 集計用!$T:$T, "*, "&E$4&",*" ))/$A5*100 -> 19.548872 | F5: =(COUNTIFS(集計用!$U:$U, "<>無回答",集計用!$U:$U, "<>*英語を日常的に*", 集計用!$T:$T, "*, "&F$4&",*" ))/$A5*100 -> 15.037594 | G5: =(COUNTIFS(集計用!$U:$U, "<>無回答",集計用!$U:$U, "<>*英語を日常的に*", 集計用!$T:$T, "*, "&G$4&",*" ))/$A5*100 -> 13.533835 | H5: =(COUNTIFS(集計用!$U:$U, "<>無回答",集計用!$U:$U, "<>*英語を日常的に*", 集計用!$T:$T, "*, "&H$4&",*" ))/$A5*100 -> 13.533835 | I5: =(COUNTIFS(集計用!$U:$U, "<>無回答",集計用!$U:$U, "<>*英語を日常的に*", 集計用!$T:$T, "*, "&I$4&",*" ))/$A5*100 -> 6.7669173 | J5: =(COUNTIFS(集計用!$U:$U, "<>無回答",集計用!$U:$U, "<>*英語を日常的に*", 集計用!$T:$T, "*, "&J$4&",*" ))/$A5*100 -> 9.7744361 | ... O5: =(COUNTIFS(集計用!$U:$U, "<>無回答",集計用!$U:$U, "<>*英語を日常的に*", 集計用!$T:$T, "*, "&O$4&",*" ))/$A5*100 -> 1.5037594
